Date,Name,Year,Letterboxd URI,Rating,Rewatch,Tags,Watched Date
2020-04-22,Toy Story 2,1999,https://boxd.it/16dHDt,4.5,,,2014-01-28
2020-04-22,A Beautiful Mind,2001,https://boxd.it/16dIqF,4,,,2014-01-28
2020-04-22,Harry Potter and the Prisoner of Azkaban,2004,https://boxd.it/16dIw9,4,,,2014-01-28
2020-04-22,Avatar,2009,https://boxd.it/16dJ0t,4,,,2014-01-28
2020-04-22,The Terminator,1984,https://boxd.it/16dJlV,5,,,2014-01-28
2020-04-22,Titanic,1997,https://boxd.it/16dHDj,4,,,2014-02-08
2020-04-22,Harry Potter and the Philosopher's Stone,2001,https://boxd.it/16dIfx,3.5,,,2014-02-08
2020-04-22,Harry Potter and the Goblet of Fire,2005,https://boxd.it/16dIAF,4,,,2014-02-08
2020-04-22,Troy,2004,https://boxd.it/16dIAZ,3.5,,,2014-02-08
2020-04-22,Charlie and the Chocolate Factory,2005,https://boxd.it/16dIFF,3.5,,,2014-02-08
2020-04-22,V for Vendetta,2005,https://boxd.it/16dIPl,4,,,2014-02-08
2020-04-22,Life of Pi,2012,https://boxd.it/16dIS5,4,,,2014-02-08
2020-04-22,I Am Legend,2007,https://boxd.it/16dIXp,3.5,,,2014-02-08
2020-04-22,Harry Potter and the Deathly Hallows: Part 1,2010,https://boxd.it/16dJnR,4,,,2014-02-08
2020-04-22,Ice Age: Dawn of the Dinosaurs,2009,https://boxd.it/16dHuL,3.5,,,2014-02-11
2020-04-22,Madagascar 3: Europe's Most Wanted,2012,https://boxd.it/16dHHl,3.5,,,2014-02-11
2020-04-22,Yogi Bear,2010,https://boxd.it/16dHJ7,2.5,,,2014-02-11
2020-04-22,Avanak Kuzenler,2008,https://boxd.it/16dHJh,0.5,,,2014-02-11
2020-04-22,Rise of the Guardians,2012,https://boxd.it/16dHNX,3.5,,,2014-02-11
2020-04-22,Monsters University,2013,https://boxd.it/16dHOh,3.5,,,2014-02-11
2020-04-22,Sherlock Holmes: A Game of Shadows,2011,https://boxd.it/16dHQn,3.5,,,2014-02-11
2020-04-22,Island: Wedding of the Zombies,2010,https://boxd.it/16dHSN,3,,,2014-02-11
2020-04-22,16-love,2012,https://boxd.it/16dHWF,3,,,2014-02-11
2020-04-22,Ice Age: Continental Drift,2012,https://boxd.it/16dHWP,3,,,2014-02-11
2020-04-22,Diary of a Wimpy Kid: Dog Days,2012,https://boxd.it/16dI6v,3,,,2014-02-11
2020-04-22,Cats & Dogs,2001,https://boxd.it/16dIeT,3,,,2014-02-11
2020-04-22,Madagascar,2005,https://boxd.it/16dIDz,3.5,,,2014-02-11
2020-04-22,Tekken,2010,https://boxd.it/16dIL9,3,,,2014-02-11
2020-04-22,The Ant Bully,2006,https://boxd.it/16dIP1,3,,,2014-02-11
2020-04-22,Fred Claus,2007,https://boxd.it/16dIYn,3,,,2014-02-11
2020-04-22,R.I.P.D.,2013,https://boxd.it/16dJgB,2.5,,,2014-02-11
2020-04-22,Percy Jackson & the Olympians: The Lightning Thief,2010,https://boxd.it/16dJi3,3,,,2014-02-11
2020-04-22,Rambo III,1988,https://boxd.it/16dJq7,3,,,2014-02-11
2020-04-22,The Cloud,2006,https://boxd.it/16dIXf,3.5,,,2014-02-23
2020-04-22,The Lost Treasure of the Knights Templar II,2007,https://boxd.it/16dJkN,3.5,,,2014-02-23
2020-04-22,Aliens in the Attic,2009,https://boxd.it/16dJfD,2.5,,,2014-03-09
2020-04-22,Wallace & Gromit: The Curse of the Were-Rabbit,2005,https://boxd.it/16dIxh,4,,,2014-04-07
2020-04-22,Spider-Man 2,2004,https://boxd.it/16dIy5,4,,,2014-04-07
2020-04-22,Bee Movie,2007,https://boxd.it/16dIIJ,3,,,2014-04-07
2020-04-22,Flushed Away,2006,https://boxd.it/16dIOn,3.5,,,2014-04-07
2020-04-22,Gravity,2013,https://boxd.it/16dHOB,4,,,2014-04-11
2020-04-22,MouseHunt,1997,https://boxd.it/16dHCZ,3.5,,,2014-04-12
2020-04-22,Captain America: The Winter Soldier,2014,https://boxd.it/16dI3h,4,,,2014-04-26
2020-04-22,The King of the Street Cleaners,1977,https://boxd.it/16dImN,4,,,2014-04-26
2020-04-22,Poseidon,2006,https://boxd.it/16dIKP,3,,,2014-04-27
2020-04-22,The Hunger Games,2012,https://boxd.it/16dHL3,3.5,,,2014-04-29
2020-04-22,The Pirates! In an Adventure with Scientists!,2012,https://boxd.it/16dHN9,3.5,,,2014-04-29
2020-04-22,The Incredibles,2004,https://boxd.it/16dIzx,4,,,2014-04-29
2020-04-22,The Tigger Movie,2000,https://boxd.it/16dIax,3.5,,,2014-04-30
2020-04-22,Pete's Christmas,2013,https://boxd.it/16dIvZ,3,,,2014-05-01
2020-04-22,World War Z,2013,https://boxd.it/16dJin,3.5,,,2014-05-01
2020-04-22,Hop,2011,https://boxd.it/16dHMZ,2.5,,,2014-05-02
2020-04-22,Shrek 2,2004,https://boxd.it/16dIvF,4,,,2014-05-02
2020-04-22,Source Code,2011,https://boxd.it/16dJoP,4,,,2014-05-02
2020-04-22,The Twilight Saga: New Moon,2009,https://boxd.it/16dHGR,2.5,,,2014-05-04
2020-04-22,Ted,2012,https://boxd.it/16dHVn,3.5,,,2014-05-05
2020-04-22,Die Hard With a Vengeance,1995,https://boxd.it/16dHxZ,4,,,2014-05-08
2020-04-22,Lethal Weapon 4,1998,https://boxd.it/16dHFz,3.5,,,2014-05-08
2020-04-22,Lethal Weapon,1987,https://boxd.it/16dJob,4,,,2014-05-08
2020-04-22,28 Weeks Later,2007,https://boxd.it/16dIUl,4,,,2014-05-11
2020-04-22,The Bandit,1996,https://boxd.it/16dHzL,4.5,,,2014-05-13
2020-04-22,Disturbia,2007,https://boxd.it/16dIYH,3.5,,,2014-05-15
2020-04-22,Goal III: Taking on the World,2009,https://boxd.it/16dJ0j,0.5,,,2014-05-19
2020-04-22,Rocky III,1982,https://boxd.it/16dJkD,4,,,2014-05-19
2020-04-22,Camp,2013,https://boxd.it/16dIe5,3.5,,,2014-06-19
2020-04-22,Edge of Tomorrow,2014,https://boxd.it/16dHUT,4,,,2014-06-22
2020-04-22,The Hills Have Eyes,2006,https://boxd.it/16dIRV,3.5,,,2014-06-28
2020-04-22,The Last Days,2013,https://boxd.it/16dI4p,3,,,2014-06-30
2020-04-22,50 First Dates,2004,https://boxd.it/16dIBX,3.5,,,2014-07-04
2020-04-22,Gladiator,2000,https://boxd.it/16dHYB,4.5,,,2014-07-13
2020-04-22,Back to the Future Part II,1989,https://boxd.it/16dJqh,4,,,2014-07-17
2020-04-22,17 Again,2009,https://boxd.it/16dJqV,3.5,,,2014-07-17
2020-04-22,The Mask,1994,https://boxd.it/16dHwd,4,,,2014-07-18
2020-04-22,The Croods,2013,https://boxd.it/16dIXz,3.5,,,2014-07-18
2020-04-22,Prisoners,2013,https://boxd.it/16dHM1,4,,,2014-08-06
2020-04-22,Limitless,2011,https://boxd.it/16dHFp,3.5,,,2014-08-15
2020-04-22,Elysium,2013,https://boxd.it/16dHRb,3.5,,,2014-08-24
2020-04-22,Insidious,2010,https://boxd.it/16dHTB,3.5,,,2014-08-24
2020-04-22,Minority Report,2002,https://boxd.it/16dI29,4,,,2014-08-24
2020-04-22,Beverly Hills Cop,1984,https://boxd.it/16dJlr,4,,,2014-08-27
2020-04-22,Dino Time,2012,https://boxd.it/16dHJr,2.5,,,2014-09-01
2020-04-22,The Butterfly Effect,2004,https://boxd.it/16dIt5,3.5,,,2014-09-02
2020-04-22,Little Miss Sunshine,2006,https://boxd.it/16dIRr,4,,,2014-09-02
2020-04-22,Daddy Day Care,2003,https://boxd.it/16dIzn,3,,,2014-09-04
2020-04-22,The Woman in Black,2012,https://boxd.it/16dHTV,3.5,,,2014-09-06
2020-04-22,Garfield,2004,https://boxd.it/16dIEd,2.5,,,2014-09-07
2020-04-22,Garfield: A Tail of Two Kitties,2006,https://boxd.it/16dISp,3,,,2014-09-07
2020-04-22,Ginger & Rosa,2012,https://boxd.it/16dI8V,3.5,,,2014-09-11
2020-04-22,The Maze Runner,2014,https://boxd.it/16dI11,3.5,,,2014-10-01
2020-04-22,The Hangover,2009,https://boxd.it/16dHwR,4,,,2014-10-07
2020-04-22,Adventureland,2009,https://boxd.it/16dHvf,3.5,,,2014-10-31
2020-04-22,Defiance,2008,https://boxd.it/16dHrd,3.5,,,2014-11-02
2022-07-07,Guardians of the Galaxy,2014,https://boxd.it/2ZO47v,4,,,2014-11-13
2020-04-22,The Hunger Games: Mockingjay – Part 1,2014,https://boxd.it/16dI5d,3.5,,,2014-11-24
2020-04-22,The Lord of the Rings: The Fellowship of the Ring,2001,https://boxd.it/16dHE7,4.5,,,2014-12-31
2020-04-22,The Curious Case of Benjamin Button,2008,https://boxd.it/16dIO3,4,,,2015-01-02
2020-04-22,Kristin's Christmas Past,2013,https://boxd.it/16dIwj,3,,,2015-01-06
2020-04-22,Ocean's Eleven,2001,https://boxd.it/16dIfn,4,,,2015-01-08
2020-04-22,Jurassic Park,1993,https://boxd.it/16dHtN,4,,,2015-01-10
2020-04-22,Ben X,2007,https://boxd.it/16dJpN,4,,,2015-01-11
2020-04-22,Batman,1989,https://boxd.it/16dJqr,4,,,2015-01-16
2020-04-22,Batman Returns,1992,https://boxd.it/16dHrn,4,,,2015-01-17
2020-04-22,The Hobbit: An Unexpected Journey,2012,https://boxd.it/16dJmT,4,,,2015-01-18
2020-04-22,The Hobbit: The Desolation of Smaug,2013,https://boxd.it/16dHA5,4,,,2015-01-19
2020-04-22,The Hangover Part II,2011,https://boxd.it/16dHMP,3,,,2015-01-26
2020-04-22,Batman Begins,2005,https://boxd.it/16dIGt,4,,,2015-01-27
2020-04-22,Oliver's Ghost,2011,https://boxd.it/16dI1Z,2.5,,,2015-01-28
2020-04-22,Man of Steel,2013,https://boxd.it/16dJf9,3.5,,,2015-02-01
2020-04-22,I Am Sam,2001,https://boxd.it/16dIrt,3.5,,,2015-02-07
2020-04-22,Flipped,2010,https://boxd.it/16dJix,3.5,,,2015-02-07
2020-04-22,Rocky IV,1985,https://boxd.it/16dJmz,3.5,,,2015-02-07
2020-04-22,Goal!,2005,https://boxd.it/16dIHh,3.5,,,2015-02-09
2020-04-22,Harry Potter and the Order of the Phoenix,2007,https://boxd.it/16dIGD,4,,,2015-02-11
2020-04-22,Cloudy with a Chance of Meatballs,2009,https://boxd.it/16dJkt,4,,,2015-02-11
2020-04-22,Shaolin Soccer,2001,https://boxd.it/16dIsr,4,,,2015-02-15
2020-04-22,Knight and Day,2010,https://boxd.it/16dHq5,3,,,2015-02-19
2020-04-22,The Lost Treasure of the Knights Templar III: The Mystery of the Snake Crown,2008,https://boxd.it/16dHwn,3.5,,,2015-02-19
2020-04-22,Small Soldiers,1998,https://boxd.it/16dHFJ,3,,,2015-02-19
2020-04-22,Baby's Day Out,1994,https://boxd.it/16dHvp,3,,,2015-02-22
2020-04-22,Diary of a Wimpy Kid,2010,https://boxd.it/16dHCl,3,,,2015-02-22
2020-04-22,300: Rise of an Empire,2014,https://boxd.it/16dHGH,3,,,2015-02-22
2020-04-22,In Time,2011,https://boxd.it/16dHVd,3,,,2015-02-22
2020-04-22,Divergent,2014,https://boxd.it/16dI37,3,,,2015-02-22
2020-04-22,Insidious: Chapter 2,2013,https://boxd.it/16dIb1,3,,,2015-02-22
2020-04-22,The Giver,2014,https://boxd.it/16dIPZ,3,,,2015-02-22
2020-04-22,City of Ember,2008,https://boxd.it/16dJqB,3.5,,,2015-02-22
2020-04-22,Goal II: Living the Dream,2007,https://boxd.it/16dIVX,2,,,2015-02-28
2020-04-22,"Percy, Buffalo Bill and I",2005,https://boxd.it/16dIY3,3,,,2015-02-28
2020-04-22,The Purge: Anarchy,2014,https://boxd.it/16dIv1,3,,,2015-03-03
2020-04-22,The Lost Treasure of the Knights Templar,2006,https://boxd.it/16dIZ1,3,,,2015-03-03
2020-04-22,Love & Other Drugs,2010,https://boxd.it/16dJdR,3,,,2015-03-03
2020-04-22,Rocky V,1990,https://boxd.it/16dHpV,2.5,,,2015-03-04
2020-04-22,Ghost Ship,2002,https://boxd.it/16dIsV,2.5,,,2015-03-04
2020-04-22,Seeking Justice,2011,https://boxd.it/16dHEL,2.5,,,2015-03-07
2020-04-22,The Purge,2013,https://boxd.it/16dIad,2.5,,,2015-03-07
2020-04-22,The Interview,2014,https://boxd.it/16dIrN,3,,,2015-03-07
2020-04-22,Lady in the Water,2006,https://boxd.it/16dIRL,2.5,,,2015-03-07
2020-04-22,Insurgent,2015,https://boxd.it/16dItT,3,,,2015-03-30
2020-04-22,Mad Max: Fury Road,2015,https://boxd.it/16dHLH,4.5,,,2015-05-23
2020-04-22,Predestination,2014,https://boxd.it/16dIfd,4,,,2015-05-23
2020-04-22,Chappie,2015,https://boxd.it/16dI2j,3,,,2015-06-10
2020-04-22,I Origins,2014,https://boxd.it/16dIsL,3.5,,,2015-06-10
2020-04-22,Captain Phillips,2013,https://boxd.it/16dHRl,4,,,2015-08-05
2020-04-22,Big Hero 6,2014,https://boxd.it/16dIbb,4,,,2015-08-05
2020-04-22,Housebound,2014,https://boxd.it/16dIDp,3.5,,,2015-08-05
2020-04-22,Moon,2009,https://boxd.it/16dHAJ,4,,,2015-08-15
2020-04-22,Donnie Darko,2001,https://boxd.it/16dIg1,4,,,2015-08-15
2020-04-22,Evil Dead,2013,https://boxd.it/16dHID,3.5,,,2015-08-19
2020-04-22,Mama,2013,https://boxd.it/16dI6F,3,,,2015-08-19
2020-04-22,The Ring,2002,https://boxd.it/16dIvv,3.5,,,2015-08-19
2020-04-22,The Martian,2015,https://boxd.it/16dIFv,4,,,2015-10-20
2020-04-22,The Last Witch Hunter,2015,https://boxd.it/16dHUz,2.5,,,2015-10-25
2020-04-22,Return of the Jedi,1983,https://boxd.it/16dJl7,4,,,2015-10-25
2020-04-22,The Walk,2015,https://boxd.it/16dICL,3.5,,,2015-10-28
2020-04-22,Maze Runner: The Scorch Trials,2015,https://boxd.it/16dIK1,3,,,2015-10-28
2020-04-22,Superbad,2007,https://boxd.it/16dJjb,4,,,2015-10-30
2020-04-22,Spectre,2015,https://boxd.it/16dIef,3.5,,,2015-11-07
2020-04-22,The Wild,2006,https://boxd.it/16dIKb,3,,,2015-11-09
2020-04-22,All Good,2012,https://boxd.it/16dIdL,2.5,,,2016-01-01
2020-04-22,Star Wars: The Force Awakens,2015,https://boxd.it/16dIgl,4,,,2016-01-03
2020-04-22,No Escape,2015,https://boxd.it/16dI0n,3,,,2016-01-17
2020-04-22,The Finest Hours,2016,https://boxd.it/16dI79,3.5,,,2016-02-02
2020-04-22,Deadpool,2016,https://boxd.it/16dHNj,4,,,2016-02-12
2020-04-22,Scott Pilgrim vs. the World,2010,https://boxd.it/16dIQX,4,,,2016-05-01
2020-04-22,Sakar Şakir,1977,https://boxd.it/16dIlb,2,,,2016-05-08
2020-04-22,Killing the Shadows,2006,https://boxd.it/16dIYd,3.5,,,2016-05-08
2020-04-22,"The Chronicles of Narnia: The Lion, the Witch and the Wardrobe",2005,https://boxd.it/16dIF1,3.5,,,2016-05-21
2020-04-22,Batman v Superman: Dawn of Justice,2016,https://boxd.it/16dIvb,3,,,2016-05-29
2020-04-22,Warcraft,2016,https://boxd.it/16dJhf,3.5,,,2016-06-03
2020-04-22,Thunderstruck,2012,https://boxd.it/16dI7t,2,,,2016-06-11
2020-04-22,Die Hard,1988,https://boxd.it/16dJpD,4,,,2016-06-11
2020-04-22,The Help,2011,https://boxd.it/16dHOr,4,,,2016-06-15
2020-04-22,The Chronicles of Narnia: Prince Caspian,2008,https://boxd.it/16dJ09,3,,,2016-06-17
2020-04-22,Creed,2015,https://boxd.it/16dIwD,4,,,2016-06-22
2020-04-22,Rocky,1976,https://boxd.it/16dJdd,4,,,2016-06-22
2020-04-22,Last Passenger,2013,https://boxd.it/16dI3B,3,,,2016-06-28
2020-04-22,Death Race,2008,https://boxd.it/16dIRB,2.5,,,2016-06-28
2020-04-22,Following,1998,https://boxd.it/16dHRF,4,,,2016-07-31
2020-04-22,Howl,2015,https://boxd.it/16dIeJ,2.5,,,2016-09-16
2020-04-22,Boy 7,2015,https://boxd.it/16dIDT,1.5,,,2016-09-16
2020-04-22,Sully,2016,https://boxd.it/16dIAl,4,,,2016-09-18
2020-04-22,Back to the Future Part III,1990,https://boxd.it/16dJsd,4,,,2016-10-24
2020-04-22,Cool Kids Don't Cry,2012,https://boxd.it/16dI1l,3.5,,,2016-10-27
2020-04-22,Indiana Jones and the Temple of Doom,1984,https://boxd.it/16dJlL,4,,,2016-11-04
2020-04-22,The Godfather,1972,https://boxd.it/16dJaj,5,,,2016-11-08
2020-04-22,Indiana Jones and the Last Crusade,1989,https://boxd.it/16dJr5,4,,,2016-11-08
2020-04-22,Ace Ventura: Pet Detective,1994,https://boxd.it/16dHuV,3.5,,,2017-01-09
2020-04-22,Me and Earl and the Dying Girl,2015,https://boxd.it/16dInL,4,,,2017-01-09
2020-04-22,Hanna,2011,https://boxd.it/16dJsn,3.5,,,2017-06-29
2020-04-22,"The Adventures of Priscilla, Queen of the Desert",1994,https://boxd.it/16dHv5,4,,,2017-07-08
2020-04-22,Man of the West,1958,https://boxd.it/16dJ25,4,,,2017-07-10
2020-04-22,Mary and Max,2009,https://boxd.it/16dJrp,4.5,,,2017-07-17
2020-04-22,Legends of the Fall,1994,https://boxd.it/16dHvT,3.5,,,2017-07-23
2020-04-22,Planet of the Apes,1968,https://boxd.it/16dJ75,4,,,2017-07-25
2020-04-22,Beneath the Planet of the Apes,1970,https://boxd.it/16dJ8d,3,,,2017-07-27
2020-04-22,Escape from the Planet of the Apes,1971,https://boxd.it/16dJ9v,3.5,,,2017-07-29
2020-04-22,The Road Within,2014,https://boxd.it/16dIuR,3.5,,,2017-07-30
2020-04-22,Conquest of the Planet of the Apes,1972,https://boxd.it/16dJa9,3,,,2017-08-08
2020-04-22,Oblivion,2013,https://boxd.it/16dHPp,3,,,2017-09-02
2020-04-22,Captain Fantastic,2016,https://boxd.it/16dIE3,4,,,2017-10-10
2020-04-22,Expelled,2014,https://boxd.it/16dINz,3,,,2017-11-10
2020-04-22,My Father,2017,https://boxd.it/16dJcp,2.5,,,2017-11-10
2020-04-22,The Invisible Boy,2014,https://boxd.it/16dIwN,3,,,2017-12-14
2020-04-22,Justice League,2017,https://boxd.it/16dJqL,3,,,2017-12-14
2020-04-22,G.O.R.A.,2004,https://boxd.it/16dIHL,3.5,,,2018-01-01
2020-04-22,"10,000 BC",2008,https://boxd.it/16dIQD,1.5,,,2018-01-01
2020-04-22,The Magician,2006,https://boxd.it/16dJj1,4,,,2018-01-01
2020-04-22,The Truman Show,1998,https://boxd.it/16dHDD,5,,,2018-01-03
2020-04-22,My Father and My Son,2005,https://boxd.it/16dIWh,4,,,2018-01-03
2020-04-22,Wristcutters: A Love Story,2006,https://boxd.it/16dIWr,3.5,,,2018-01-03
2020-04-22,12 Angry Men,1957,https://boxd.it/16dJ0D,5,,,2018-01-03
2020-04-22,Toy Story,1995,https://boxd.it/16dHyN,4,,,2018-01-04
2020-04-22,Fight Club,1999,https://boxd.it/16dHKp,5,,,2018-01-04
2020-04-22,Inception,2010,https://boxd.it/16dHKz,5,,,2018-01-04
2020-04-22,City Lights,1931,https://boxd.it/16dI9T,5,,,2018-01-04
2020-04-22,Toy Story 3,2010,https://boxd.it/16dIQ9,5,,,2018-01-04
2020-04-22,One Flew Over the Cuckoo's Nest,1975,https://boxd.it/16dJc5,5,,,2018-01-04
2020-04-22,WALL·E,2008,https://boxd.it/16dJnn,5,,,2018-01-04
2020-04-22,Up,2009,https://boxd.it/16dHsl,4,,,2018-01-08
2020-04-22,"Monsters, Inc.",2001,https://boxd.it/16dI5R,4,,,2018-01-08
2020-04-22,You're My Home,2012,https://boxd.it/16dIcj,1.5,,,2018-01-08
2020-04-22,The Chaos Class Is on Vacation,1977,https://boxd.it/16dIi7,4,,,2018-01-08
2020-04-22,Finding Nemo,2003,https://boxd.it/16dIqb,4.5,,,2018-01-08
2020-04-22,Zootopia,2016,https://boxd.it/16dIun,4,,,2018-01-08
2020-04-22,The Chaos Class: Bye Bye,1981,https://boxd.it/16dIZb,2.5,,,2018-01-08
2020-04-22,Taxi Driver,1976,https://boxd.it/16dJdn,5,,,2018-01-08
2020-04-22,Interstellar,2014,https://boxd.it/16dJid,5,,,2018-01-08
2020-04-22,Easy Rider,1969,https://boxd.it/16dJ7J,4,,,2018-01-10
2020-04-22,Stand by Me,1986,https://boxd.it/16dJnH,4,,,2018-01-14
2020-04-22,Vizontele,2001,https://boxd.it/16dIqP,4,,,2018-01-22
2020-04-22,Monsters vs Aliens,2009,https://boxd.it/16dJmf,3,,,2018-01-22
2020-04-22,Grown Ups,2010,https://boxd.it/16dHKJ,2.5,,,2018-01-24
2020-04-22,Iron Man,2008,https://boxd.it/16dIGj,4,,,2018-01-28
2020-04-22,The Incredible Hulk,2008,https://boxd.it/16dJgV,3,,,2018-01-28
2020-04-22,The Avengers,2012,https://boxd.it/16dJkX,3.5,,,2018-01-28
2020-04-22,Kolpaçino,2009,https://boxd.it/16dHQx,3,,,2018-02-04
2020-04-22,Vacation,2015,https://boxd.it/16dHQR,2,,,2018-02-04
2020-04-22,Jupiter Ascending,2015,https://boxd.it/16dHUp,3,,,2018-02-04
2020-04-22,Percy Jackson: Sea of Monsters,2013,https://boxd.it/16dI3r,2,,,2018-02-04
2020-04-22,The Bag Man,2014,https://boxd.it/16dIaR,1.5,,,2018-02-04
2020-04-22,Fifty Shades of Grey,2015,https://boxd.it/16dId7,2,,,2018-02-04
2020-04-22,The Woman in Black 2: Angel of Death,2014,https://boxd.it/16dIdr,2,,,2018-02-04
2020-04-22,Project Almanac,2015,https://boxd.it/16dIfR,3,,,2018-02-04
2020-04-22,The Day After Tomorrow,2004,https://boxd.it/16dIzH,3,,,2018-02-04
2020-04-22,Recep Ivedik 4,2014,https://boxd.it/16dICr,0.5,,,2018-02-04
2020-04-22,Yusuf Yusuf,2014,https://boxd.it/16dIPb,2,,,2018-02-04
2020-04-22,Wedding Association 2: Circumcision,2015,https://boxd.it/16dJ1r,1,,,2018-02-04
2020-04-22,My Grandpa’s Receipt,2016,https://boxd.it/16dJ2f,1.5,,,2018-02-04
2020-04-22,120,2008,https://boxd.it/16dHzV,3,,,2018-02-05
2020-04-22,Destere,2008,https://boxd.it/16dHI9,0.5,,,2018-02-05
2020-04-22,The Matrix,1999,https://boxd.it/16dHJV,5,,,2018-02-05
2020-04-22,Ecotopia,2011,https://boxd.it/16dI45,2.5,,,2018-02-05
2020-04-22,Sen Kimsin?,2012,https://boxd.it/16dI9z,1,,,2018-02-05
2020-04-22,My Grandfather's People,2011,https://boxd.it/16dI9J,3.5,,,2018-02-05
2020-04-22,Atla Gel Şaban,1984,https://boxd.it/16dIgF,3.5,,,2018-02-05
2020-04-22,Davaro,1981,https://boxd.it/16dIgZ,3.5,,,2018-02-05
2020-04-22,Doktor Civanım,1983,https://boxd.it/16dIh9,3,,,2018-02-05
2020-04-22,Dokunmayın Şabanıma,1979,https://boxd.it/16dIhj,3,,,2018-02-05
2020-04-22,King of the Doormen,1977,https://boxd.it/16dIiL,4,,,2018-02-05
2020-04-22,Korkusuz Korkak,1979,https://boxd.it/16dIjf,4,,,2018-02-05
2020-04-22,The Blue Bead,1975,https://boxd.it/16dIjz,4,,,2018-02-05
2020-04-22,İnek Şaban,1979,https://boxd.it/16dIjT,3,,,2018-02-05
2020-04-22,Fake Gangster,1976,https://boxd.it/16dIl1,3.5,,,2018-02-05
2020-04-22,Our Hope Is Şaban,1979,https://boxd.it/16dImj,2.5,,,2018-02-05
2020-04-22,Troublemaker Hüsnü,1983,https://boxd.it/16dImt,3.5,,,2018-02-05
2020-04-22,100 Numaralı Adam,1978,https://boxd.it/16dImD,3.5,,,2018-02-05
2020-04-22,Under Construction,2003,https://boxd.it/16dIMB,3.5,,,2018-02-05
2020-04-22,The Chaos Class in the Military,2005,https://boxd.it/16dIOR,0.5,,,2018-02-05
2020-04-22,Our Family,1975,https://boxd.it/16dIST,3.5,,,2018-02-05
2020-04-22,"The Class of Chaos 3,5",2006,https://boxd.it/16dIZP,0.5,,,2018-02-05
2020-04-22,Trouble on Wheels,2015,https://boxd.it/16dIZZ,2.5,,,2018-02-05
2020-04-22,The Class,2007,https://boxd.it/16dJo1,0.5,,,2018-02-05
2020-04-22,X-Men,2000,https://boxd.it/16dHEh,3.5,,,2018-02-06
2020-04-22,The Amazing Spider-Man 2,2014,https://boxd.it/16dI3L,2,,,2018-02-06
2020-04-22,Despicable Me,2010,https://boxd.it/16dHJL,3.5,,,2018-02-08
2020-04-22,Smitty,2012,https://boxd.it/16dHR1,3,,,2018-02-08
2020-04-22,The Search for Santa Paws,2010,https://boxd.it/16dHRv,3,,,2018-02-08
2020-04-22,War of the Worlds,2005,https://boxd.it/16dIKv,3.5,,,2018-02-08
2020-04-22,Sherlock Holmes,2009,https://boxd.it/16dJs3,3.5,,,2018-02-08
2020-04-22,Twilight,2008,https://boxd.it/16dHvJ,3,,,2018-02-09
2020-04-22,Home Alone 3,1997,https://boxd.it/16dHBH,1.5,,,2018-02-09
2020-04-22,Shrek,2001,https://boxd.it/16dHHb,4,,,2018-02-09
2020-04-22,Sausage Party,2016,https://boxd.it/16dHXN,4,,,2018-02-09
2020-04-22,Home Alone 4,2002,https://boxd.it/16dIAv,0.5,,,2018-02-09
2020-04-22,The Boss Baby,2017,https://boxd.it/16dII5,3,,,2018-02-09
2020-04-22,Kung Fu Panda,2008,https://boxd.it/16dIQt,3.5,,,2018-02-09
2020-04-22,Storks,2016,https://boxd.it/16dITR,3,,,2018-02-09
2020-04-22,Rambo: First Blood Part II,1985,https://boxd.it/16dJmp,3,,,2018-02-09
2020-04-22,Home Alone,1990,https://boxd.it/16dJsH,3.5,,,2018-02-09
2020-04-22,Ruby Sparks,2012,https://boxd.it/16dI2X,3.5,,,2018-02-11
2020-04-22,Gelecekten Bir Gün,2010,https://boxd.it/16dHRZ,1,,,2018-02-14
2020-04-22,Vay Arkadaş,2010,https://boxd.it/16dI0d,3.5,,,2018-02-14
2020-04-22,Sümela'nın Şifresi: Temel,2011,https://boxd.it/16dI7D,0.5,,,2018-02-14
2020-04-22,Dance with the Jackals 2,2012,https://boxd.it/16dInh,1,,,2018-02-14
2020-04-22,Deliha,2014,https://boxd.it/16dIJx,1.5,,,2018-02-14
2020-04-22,Stranger in My Pocket,2018,https://boxd.it/16dJfX,3.5,,,2018-02-14
2020-04-22,Hadigari Cumhur,2009,https://boxd.it/16dHNt,1,,,2018-02-15
2020-04-22,The Turks Must Be Crazy,2009,https://boxd.it/16dHXD,0.5,,,2018-02-15
2020-04-22,Bana Bir Şeyhler Oluyor,2003,https://boxd.it/16dHY7,4,,,2018-02-15
2020-04-22,Get Out,2017,https://boxd.it/16dJ17,3.5,,,2018-02-16
2020-04-22,Arrival,2016,https://boxd.it/16dIn7,5,,,2018-02-17
2020-04-22,Baby Driver,2017,https://boxd.it/16dIIp,4,,,2018-02-17
2020-04-22,Manchester by the Sea,2016,https://boxd.it/16dIJH,5,,,2018-02-17
2020-04-22,The Matrix Reloaded,2003,https://boxd.it/16dIdB,4,,,2018-02-22
2020-04-22,Ice Age,2002,https://boxd.it/16dIqv,4,,,2018-02-25
2020-04-22,Dunkirk,2017,https://boxd.it/16dJ0N,4,,,2018-02-25
2020-04-22,"Three Billboards Outside Ebbing, Missouri",2017,https://boxd.it/16dJ0X,4,,,2018-02-25
2020-04-22,Call Me by Your Name,2017,https://boxd.it/16dJ4l,4,,,2018-02-27
2020-04-22,Struck by Lightning,2012,https://boxd.it/16dI1b,3,,,2018-03-01
2020-04-22,Spectral,2016,https://boxd.it/16dI8L,2.5,,,2018-03-01
2020-04-22,War Machine,2017,https://boxd.it/16dIW7,3,,,2018-03-01
2020-04-22,ARQ,2016,https://boxd.it/16dJ3R,3,,,2018-03-01
2020-04-22,When We First Met,2018,https://boxd.it/16dJ4P,3,,,2018-03-14
2020-04-22,Ace Ventura: When Nature Calls,1995,https://boxd.it/16dHxb,3,,,2018-03-20
2020-04-22,The Basketball Diaries,1995,https://boxd.it/16dHxl,3.5,,,2018-03-31
2020-04-22,Lucy,2014,https://boxd.it/16dIsB,3,,,2018-03-31
2020-04-22,War Horse,2011,https://boxd.it/16dHSt,3,,,2018-04-02
2020-04-22,Now Is Good,2012,https://boxd.it/16dI4z,3.5,,,2018-04-02
2020-04-22,Coco,2017,https://boxd.it/16dIep,4,,,2018-04-03
2020-04-22,Furious 7,2015,https://boxd.it/16dIs7,3.5,,,2018-04-03
2020-04-22,Bruce Almighty,2003,https://boxd.it/16dIxL,3.5,,,2018-04-12
2020-04-22,The Ritual,2017,https://boxd.it/16dJ3H,3,,,2018-04-16
2020-04-22,This Is the End,2013,https://boxd.it/16dHGx,3.5,,,2018-05-01
2020-04-22,The Man from the Future,2011,https://boxd.it/16dI7j,3.5,,,2018-05-01
2020-04-22,About Time,2013,https://boxd.it/16dIan,3.5,,,2018-05-01
2020-04-22,The Brand New Testament,2015,https://boxd.it/16dIH7,4,,,2018-05-01
2020-04-22,Lethal Weapon 3,1992,https://boxd.it/16dHsb,3.5,,,2018-05-08
2020-04-22,The Final Destination,2009,https://boxd.it/16dHyD,2,,,2018-05-08
2020-04-22,Chicken Run,2000,https://boxd.it/16dHDX,3.5,,,2018-05-08
2020-04-22,Final Destination 5,2011,https://boxd.it/16dHUJ,2.5,,,2018-05-08
2020-04-22,Final Destination 2,2003,https://boxd.it/16dIwX,2.5,,,2018-05-08
2020-04-22,Final Destination 3,2006,https://boxd.it/16dILN,2.5,,,2018-05-08
2020-04-22,Taken,2008,https://boxd.it/16dJol,3.5,,,2018-05-08
2020-04-22,Prometheus,2012,https://boxd.it/16dHO7,3.5,,,2018-05-11
2020-04-22,Big Momma's House 2,2006,https://boxd.it/16dIOd,1,,,2018-05-11
2020-04-22,Thor,2011,https://boxd.it/16dJh5,3,,,2018-05-11
2020-04-22,Memento,2000,https://boxd.it/16dI8h,5,,,2018-05-12
2020-04-22,Hot Tub Time Machine,2010,https://boxd.it/16dHG3,3,,,2018-05-23
2020-04-22,Mr. Popper's Penguins,2011,https://boxd.it/16dHMb,2,,,2018-05-23
2020-04-22,Detachment,2011,https://boxd.it/16dHXt,3.5,,,2018-05-23
2020-04-22,The Hunger Games: Catching Fire,2013,https://boxd.it/16dI53,3.5,,,2018-05-23
2020-04-22,The Bank Job,2008,https://boxd.it/16dI61,3.5,,,2018-05-23
2020-04-22,Deadpool 2,2018,https://boxd.it/16dJ2T,3.5,,,2018-05-25
2020-04-22,Yes Man,2008,https://boxd.it/16dHtt,3,,,2018-05-26
2020-04-22,The Bodyguard,1992,https://boxd.it/16dHrx,2.5,,,2018-05-28
2020-04-22,Home Alone 2: Lost in New York,1992,https://boxd.it/16dHs1,3.5,,,2018-05-28
2020-04-22,The Hobbit: The Battle of the Five Armies,2014,https://boxd.it/16dIcN,3,,,2018-05-28
2020-04-22,Whiplash,2014,https://boxd.it/16dInV,4.5,,,2018-05-28
2020-04-22,Rocky Balboa,2006,https://boxd.it/16dIWL,3.5,,,2018-05-28
2020-04-22,Wild Hogs,2007,https://boxd.it/16dIYR,2.5,,,2018-05-28
2020-04-22,Lethal Weapon 2,1989,https://boxd.it/16dJrf,4,,,2018-05-28
2020-04-22,Insomnia,2002,https://boxd.it/16dIrD,4,,,2018-05-29
2020-04-22,The Prestige,2006,https://boxd.it/16dIXT,4.5,,,2018-05-29
2020-04-22,Groundhog Day,1993,https://boxd.it/16dHtD,4.5,,,2018-05-31
2020-04-22,Iron Man 2,2010,https://boxd.it/16dHFT,3,,,2018-05-31
2020-04-22,Bad Teacher,2011,https://boxd.it/16dHHF,3,,,2018-05-31
2020-04-22,Iron Man 3,2013,https://boxd.it/16dHIN,3.5,,,2018-05-31
2020-04-22,Stuart Little,1999,https://boxd.it/16dHVR,3,,,2018-05-31
2020-04-22,Inside Out,2015,https://boxd.it/16dI8r,4.5,,,2018-05-31
2020-04-22,Captain America: Civil War,2016,https://boxd.it/16dICV,3.5,,,2018-05-31
2020-04-22,Captain America: The First Avenger,2011,https://boxd.it/16dITx,3,,,2018-05-31
2020-04-22,Spider-Man,2002,https://boxd.it/16dHOL,3.5,,,2018-06-01
2020-04-22,Eternal Sunshine of the Spotless Mind,2004,https://boxd.it/16dIBt,4.5,,,2018-06-01
2020-04-22,The Small Town,1997,https://boxd.it/16dHND,4,,,2018-06-02
2020-04-22,The Shawshank Redemption,1994,https://boxd.it/16dHwH,4.5,,,2018-06-05
2020-04-22,Catfish,2010,https://boxd.it/16dHTh,3.5,,,2018-06-05
2020-04-22,Birdman or (The Unexpected Virtue of Ignorance),2014,https://boxd.it/16dInB,4.5,,,2018-06-05
2020-04-22,City of God,2002,https://boxd.it/16dIzd,4.5,,,2018-06-05
2020-04-22,Muhammad: The Messenger of God,2015,https://boxd.it/16dIJ3,3.5,,,2018-06-08
2020-04-22,Charlie Countryman,2013,https://boxd.it/16dHCv,1.5,,,2018-06-09
2020-04-22,After Life,1998,https://boxd.it/16dHWl,3.5,,,2018-06-09
2020-04-22,Breaking the Waves,1996,https://boxd.it/16dHzh,4,,,2018-06-11
2020-04-22,Paradise: Love,2012,https://boxd.it/16dHMv,4,,,2018-06-19
2020-04-22,The Wild Soccer Bunch 5,2008,https://boxd.it/16dHsP,2.5,,,2018-06-20
2020-04-22,Westwind,2011,https://boxd.it/16dI5H,3.5,,,2018-06-20
2020-04-22,The Wild Soccer Bunch,2003,https://boxd.it/16dIGN,2.5,,,2018-06-20
2020-04-22,The Wild Soccer Bunch 2,2005,https://boxd.it/16dINf,2.5,,,2018-06-20
2020-04-22,The Wild Soccer Bunch 3,2006,https://boxd.it/16dJel,2,,,2018-06-20
2020-04-22,The Wild Soccer Bunch 4,2007,https://boxd.it/16dJhT,2.5,,,2018-06-20
2020-04-22,Nocturama,2016,https://boxd.it/16dIWV,3.5,,,2018-06-21
2020-04-22,The Outsider,2018,https://boxd.it/16dI6b,2.5,,,2018-06-29
2020-04-22,The Cat in the Hat,2003,https://boxd.it/16dIxr,2,,,2018-06-29
2020-04-22,Amateur,2018,https://boxd.it/16dJ3d,2.5,,,2018-06-29
2020-04-22,Star Wars,1977,https://boxd.it/16dJeZ,4.5,,,2018-07-03
2020-04-22,StreetDance 2,2012,https://boxd.it/16dHXX,2,,,2018-07-12
2020-04-22,A.I. Artificial Intelligence,2001,https://boxd.it/16dI9f,4,,,2018-07-12
2020-04-22,Shaun of the Dead,2004,https://boxd.it/16dIFl,4.5,,,2018-07-12
2020-04-22,Indiana Jones and the Kingdom of the Crystal Skull,2008,https://boxd.it/16dIFP,3,,,2018-07-12
2020-04-22,Bonjour Tristesse,1958,https://boxd.it/16dJ1L,4,,,2018-07-12
2020-04-22,The Post,2017,https://boxd.it/16dJ6B,3.5,,,2018-07-12
2020-04-22,Raiders of the Lost Ark,1981,https://boxd.it/16dJjl,4.5,,,2018-07-12
2020-04-22,Terminator 2: Judgment Day,1991,https://boxd.it/16dHr3,5,,,2018-07-13
2020-04-22,A Summer's Tale,1996,https://boxd.it/16dHzr,4,,,2018-07-13
2020-04-22,Daylight,1996,https://boxd.it/16dHzB,2.5,,,2018-07-13
2020-04-22,300,2006,https://boxd.it/16dIMr,3.5,,,2018-07-13
2020-04-22,Back to the Future,1985,https://boxd.it/16dJm5,4.5,,,2018-07-13
2020-04-22,Before Sunrise,1995,https://boxd.it/16dHxv,4,,,2018-07-15
2020-04-22,Twelve Monkeys,1995,https://boxd.it/16dHyX,4.5,,,2018-07-15
2020-04-22,Ice Age: The Meltdown,2006,https://boxd.it/16dIQj,3,,,2018-07-15
2020-04-22,Mrs. Doubtfire,1993,https://boxd.it/16dHtX,3,,,2018-07-16
2020-04-22,Central Intelligence,2016,https://boxd.it/16dHPz,3,,,2018-07-16
2020-04-22,Scary Movie,2000,https://boxd.it/16dHZp,3,,,2018-07-16
2020-04-22,Gladiators of Rome,2012,https://boxd.it/16dI4J,3,,,2018-07-16
2020-04-22,Pearl Harbor,2001,https://boxd.it/16dI9p,3,,,2018-07-16
2020-04-22,Madagascar: Escape 2 Africa,2008,https://boxd.it/16dIX5,3.5,,,2018-07-16
2020-04-22,The Chronicles of Narnia: The Voyage of the Dawn Treader,2010,https://boxd.it/16dJrz,3,,,2018-07-16
2020-04-22,Jumanji,1995,https://boxd.it/16dHyj,3.5,,,2018-07-17
2020-04-22,The Way Way Back,2013,https://boxd.it/16dHYL,3.5,,,2018-07-17
2020-04-22,X-Men: Days of Future Past,2014,https://boxd.it/16dI3V,4.5,,,2018-07-17
2020-04-22,Cars,2006,https://boxd.it/16dIz3,4,,,2018-07-17
2020-04-22,Robots,2005,https://boxd.it/16dIEn,3.5,,,2018-07-17
2020-04-22,Motocross Kids,2004,https://boxd.it/16dIHV,2.5,,,2018-07-17
2020-04-22,Bridge to Terabithia,2007,https://boxd.it/16dIJn,4,,,2018-07-17
2020-04-22,Zathura: A Space Adventure,2005,https://boxd.it/16dIKl,3,,,2018-07-17
2020-04-22,Annie Hall,1977,https://boxd.it/16dJdH,4.5,,,2018-07-17
2020-04-22,Into the Wild,2007,https://boxd.it/16dJe1,4.5,,,2018-07-17
2020-04-22,2012,2009,https://boxd.it/16dHB3,3,,,2018-07-20
2020-04-22,Kung Fu Panda 2,2011,https://boxd.it/16dHIX,4,,,2018-07-20
2020-04-22,Once Upon a Time in Anatolia,2011,https://boxd.it/16dI2t,5,,,2018-07-20
2020-04-22,Scooby-Doo,2002,https://boxd.it/16dIql,1.5,,,2018-07-24
2020-04-22,Scooby-Doo 2: Monsters Unleashed,2004,https://boxd.it/16dIAP,1,,,2018-07-24
2020-04-22,Dr. Strangelove or: How I Learned to Stop Worrying and Love the Bomb,1964,https://boxd.it/16dJ4b,4.5,,,2018-07-26
2020-04-22,Rambo,2008,https://boxd.it/16dIU1,3.5,,,2018-07-27
2020-04-22,First Blood,1982,https://boxd.it/16dJkj,4,,,2018-07-27
2020-04-22,The Wind That Shakes the Barley,2006,https://boxd.it/16dITH,4,,,2018-07-29
2020-04-22,It,2017,https://boxd.it/16dHMl,3.5,,,2018-07-31
2020-04-22,Mission: Impossible – Fallout,2018,https://boxd.it/16dIZv,4,,,2018-07-31
2020-04-22,For Love and Honor,2007,https://boxd.it/16dHsv,3,,,2018-08-01
2020-04-22,The Chaos Class,1975,https://boxd.it/16dIhN,4.5,,,2018-08-01
2020-04-22,8½,1963,https://boxd.it/16dJ41,4.5,,,2018-08-02
2020-04-22,The Masked Gang: Cyprus,2008,https://boxd.it/16dHAT,0.5,,,2018-08-03
2020-04-22,Love Likes Coincidences,2011,https://boxd.it/16dI1F,2.5,,,2018-08-03
2020-04-22,The Masked Gang,2005,https://boxd.it/16dIYx,0.5,,,2018-08-03
2020-04-22,The Masked Gang: Iraq,2007,https://boxd.it/16dJpt,0.5,,,2018-08-03
2020-04-22,Jolly Life,2009,https://boxd.it/16dHQH,3.5,,,2018-08-05
2020-04-22,King of The Guards,1979,https://boxd.it/16dIgP,3,,,2018-08-05
2020-04-22,"Şaban, a Man from the Middle Class",1984,https://boxd.it/16dIk3,3,,,2018-08-05
2020-04-22,The Stupid Millionaire,1974,https://boxd.it/16dIll,3.5,,,2018-08-05
2020-04-22,The Royal Tenenbaums,2001,https://boxd.it/16dIq1,4,,,2018-08-05
2020-04-22,Telling Tales,2015,https://boxd.it/16dINT,3,,,2018-08-05
2020-04-22,Muro: Nalet Olsun İçimdeki İnsan Sevgisine,2008,https://boxd.it/16dHIj,0.5,,,2018-08-07
2020-04-22,Kutsal Damacana 2: İtmen,2010,https://boxd.it/16dHSX,0.5,,,2018-08-07
2020-04-22,Kutsal Damacana: Dracoola,2011,https://boxd.it/16dHZJ,0.5,,,2018-08-07
2020-04-22,Friends with Benefits,2011,https://boxd.it/16dHV3,3,,,2018-08-09
2020-04-22,Harry Potter and the Chamber of Secrets,2002,https://boxd.it/16dIux,3.5,,,2018-08-09
2020-04-22,Heaven,2008,https://boxd.it/16dHAf,1,,,2018-08-10
2020-04-22,Harry Potter and the Deathly Hallows: Part 2,2011,https://boxd.it/16dHD9,3.5,,,2018-08-10
2020-04-22,The Top Scorer,1980,https://boxd.it/16dI2N,2.5,,,2018-08-10
2020-04-22,The Laughing Man,1989,https://boxd.it/16dIhD,3.5,,,2018-08-10
2020-04-22,Katma Değer Şaban,1985,https://boxd.it/16dIiV,3,,,2018-08-10
2020-04-22,Kiracı,1987,https://boxd.it/16dIj5,3,,,2018-08-10
2020-04-22,Harry Potter and the Half-Blood Prince,2009,https://boxd.it/16dIMV,3.5,,,2018-08-10
2020-04-22,Yes Sir,2007,https://boxd.it/16dJpX,0.5,,,2018-08-10
2020-04-22,Moonrise Kingdom,2012,https://boxd.it/16dHZf,4,,,2018-08-12
2020-04-22,Adam's Apples,2005,https://boxd.it/16dINp,3,,,2018-08-12
2020-04-22,Valhalla Rising,2009,https://boxd.it/16dJlh,4,,,2018-08-12
2020-04-22,21 Jump Street,2012,https://boxd.it/16dHGd,3.5,,,2018-08-16
2020-04-22,Cats & Dogs: The Revenge of Kitty Galore,2010,https://boxd.it/16dHIt,1.5,,,2018-08-16
2020-04-22,Now You See Me,2013,https://boxd.it/16dHWZ,3,,,2018-08-16
2020-04-22,Big Momma's House,2000,https://boxd.it/16dI7N,1,,,2018-08-16
2020-04-22,22 Jump Street,2014,https://boxd.it/16dIcD,3.5,,,2018-08-16
2020-04-22,Evan Almighty,2007,https://boxd.it/16dILt,2.5,,,2018-08-16
2020-04-22,The Spiderwick Chronicles,2008,https://boxd.it/16dIMh,3.5,,,2018-08-16
2020-04-22,Neighbors 2: Sorority Rising,2016,https://boxd.it/16dIQN,2.5,,,2018-08-16
2020-04-22,The Legend of Hercules,2014,https://boxd.it/16dHrR,1,,,2018-08-17
2020-04-22,Diary of a Wimpy Kid: Rodrick Rules,2011,https://boxd.it/16dHW1,2.5,,,2018-08-17
2020-04-22,Star Wars: The Last Jedi,2017,https://boxd.it/16dIjJ,3.5,,,2018-08-17
2020-04-22,Fury,2014,https://boxd.it/16dIr9,3.5,,,2018-08-17
2020-04-22,Darkest Hour,2017,https://boxd.it/16dISz,3.5,,,2018-08-17
2020-04-22,The Shape of Water,2017,https://boxd.it/16dJ33,3,,,2018-08-17
2020-04-22,Christopher Robin,2018,https://boxd.it/16dIT3,3.5,,,2018-08-19
2020-04-22,Battleship,2012,https://boxd.it/16dHNN,1,,,2018-08-23
2020-04-22,Tangerines,2013,https://boxd.it/16dIvP,4,,,2018-08-25
2020-04-22,Final Destination,2000,https://boxd.it/16dI5n,3.5,,,2018-08-26
2020-04-22,Bekas,2012,https://boxd.it/16dHYV,3,,,2018-08-27
2020-04-22,The Pacifier,2005,https://boxd.it/16dIJd,2.5,,,2018-08-27
2020-04-22,Foxtrot,2017,https://boxd.it/16dJat,4,,,2018-08-27
2020-04-22,Cars 2,2011,https://boxd.it/16dHEV,3,,,2018-08-28
2020-04-22,Aloha,2015,https://boxd.it/16dHGn,1,,,2018-08-28
2020-04-22,Marmaduke,2010,https://boxd.it/16dHLR,2,,,2018-08-28
2020-04-22,The Dictator,2012,https://boxd.it/16dHVH,3.5,,,2018-08-28
2020-04-22,The Theory of Everything,2014,https://boxd.it/16dIvl,3.5,,,2018-08-28
2020-04-22,Peter Pan,2003,https://boxd.it/16dIxV,3.5,,,2018-08-28
2020-04-22,Live Free or Die Hard,2007,https://boxd.it/16dIBj,3.5,,,2018-08-28
2020-04-22,The Man from Earth,2007,https://boxd.it/16dJdx,4.5,,,2018-08-28
2020-04-22,The Legend of Tarzan,2016,https://boxd.it/16dJnx,2.5,,,2018-08-28
2020-04-22,Die Hard 2,1990,https://boxd.it/16dJsx,3.5,,,2018-08-28
2020-04-22,(500) Days of Summer,2009,https://boxd.it/16dHqz,4,,,2018-08-29
2020-04-22,The Fault in Our Stars,2014,https://boxd.it/16dIo5,3.5,,,2018-08-29
2020-04-22,La La Land,2016,https://boxd.it/16dIGX,4.5,,,2018-08-29
2020-04-22,Transformers,2007,https://boxd.it/16dIN5,3,,,2018-08-30
2020-04-22,OtherLife,2017,https://boxd.it/16dIUP,3,,,2018-08-30
2020-04-22,The Conjuring,2013,https://boxd.it/16dHOV,3.5,,,2018-08-31
2020-04-22,The Fast and the Furious,2001,https://boxd.it/16dIdh,3,,,2018-08-31
2020-04-22,2 Fast 2 Furious,2003,https://boxd.it/16dIA1,2.5,,,2018-08-31
2020-04-22,The Pink Panther,2006,https://boxd.it/16dIHB,2,,,2018-08-31
2020-04-22,The Pink Panther 2,2009,https://boxd.it/16dJk9,1.5,,,2018-08-31
2020-04-22,Upgrade,2018,https://boxd.it/16dJ7T,4,,,2018-09-01
2020-04-22,Incredibles 2,2018,https://boxd.it/16dIEH,4,,,2018-09-02
2020-04-22,Braveheart,1995,https://boxd.it/16dHxF,4.5,,,2018-09-04
2020-04-22,What We Do in the Shadows,2014,https://boxd.it/16dIBN,4,,,2018-09-10
2020-04-22,Backstabbing for Beginners,2018,https://boxd.it/16dJ1V,2.5,,,2018-09-10
2020-04-22,Mug,2018,https://boxd.it/16dJ7z,3.5,,,2018-09-10
2020-04-22,The Grand Budapest Hotel,2014,https://boxd.it/16dIct,4.5,,,2018-09-14
2020-04-22,Jaws,1975,https://boxd.it/16dJbV,4.5,,,2018-09-14
2020-04-22,Black Swan,2010,https://boxd.it/16dJoZ,4,,,2018-09-14
2020-04-22,A Simple Favor,2018,https://boxd.it/16dJaX,3.5,,,2018-09-17
2020-04-22,Boyhood,2014,https://boxd.it/16dHtj,3.5,,,2018-09-18
2020-04-22,Barbara,2012,https://boxd.it/16dIa3,3.5,,,2018-09-18
2020-04-22,Before Sunset,2004,https://boxd.it/16dIHr,4.5,,,2018-09-18
2020-04-22,Before Midnight,2013,https://boxd.it/16dIaH,4,,,2018-09-20
2020-04-22,Fear and Desire,1952,https://boxd.it/16dITd,3,,,2018-09-21
2020-04-22,Killer's Kiss,1955,https://boxd.it/16dIXJ,3.5,,,2018-09-22
2020-04-22,Diplomacy,2014,https://boxd.it/16dIxB,4,,,2018-09-28
2020-04-22,The Nightmare Before Christmas,1993,https://boxd.it/16dHur,3.5,,,2018-10-02
2020-04-22,The Killing,1956,https://boxd.it/16dIZF,4,,,2018-10-02
2020-04-22,Short Term 12,2013,https://boxd.it/16dIdV,4,,,2018-10-05
2020-04-22,Reservoir Dogs,1992,https://boxd.it/16dHsF,5,,,2018-10-09
2020-04-22,The Heiresses,2018,https://boxd.it/16dJgr,3.5,,,2018-10-14
2020-04-22,Game Night,2018,https://boxd.it/16dIqZ,3.5,,,2018-10-15
2020-04-22,Bad Times at the El Royale,2018,https://boxd.it/16dJ8H,3.5,,,2018-10-17
2020-04-22,Oculus,2013,https://boxd.it/16dIez,2.5,,,2018-10-19
2020-04-22,Maleficent,2014,https://boxd.it/16dHTr,3,,,2018-10-23
2020-04-22,The Boxtrolls,2014,https://boxd.it/16dJg7,3.5,,,2018-10-23
2020-04-22,Blue Valentine,2010,https://boxd.it/16dHx1,4,,,2018-10-28
2020-04-22,Blazing Saddles,1974,https://boxd.it/16dJb7,3.5,,,2018-10-29
2020-04-22,Frequently Asked Questions About Time Travel,2009,https://boxd.it/16dJnd,3.5,,,2018-10-31
2020-04-22,Hachi: A Dog's Tale,2009,https://boxd.it/16dHqT,4,,,2018-11-01
2020-04-22,I Stand Alone,1998,https://boxd.it/16dHSD,4,,,2018-11-01
2020-04-22,Alpha,2018,https://boxd.it/16dIOx,3,,,2018-11-01
2020-04-22,Irreversible,2002,https://boxd.it/16dItJ,3.5,,,2018-11-05
2020-04-22,Searching,2018,https://boxd.it/16dJeP,4,,,2018-11-07
2020-04-22,Transit,2018,https://boxd.it/16dJ91,3.5,,,2018-11-25
2020-04-22,Pulp Fiction,1994,https://boxd.it/16dHwx,4.5,,,2018-11-28
2020-04-22,Four Rooms,1995,https://boxd.it/16dHy9,3.5,,,2018-11-28
2020-04-22,The Hateful Eight,2015,https://boxd.it/16dIC7,5,,,2018-11-28
2020-04-22,Outlaw King,2018,https://boxd.it/16dJ9b,3.5,,,2018-11-30
2020-04-22,Your Name.,2016,https://boxd.it/16dJ2z,3.5,,,2018-12-01
2020-04-22,Ruby & Quentin,2003,https://boxd.it/16dIx7,3,,,2018-12-04
2020-04-22,Mortal World,2018,https://boxd.it/16dJfj,3.5,,,2018-12-06
2020-04-22,Butterflies,2018,https://boxd.it/16dJbL,4,,,2018-12-09
2020-04-22,Rocky II,1979,https://boxd.it/16dJgL,3.5,,,2018-12-09
2020-04-22,Dead Man,1995,https://boxd.it/16dHxP,4,,,2018-12-10
2020-04-22,Gerçek Kesit: Manyak,2018,https://boxd.it/16dJhz,2,,,2018-12-20
2020-04-22,Frank,2014,https://boxd.it/16dHU5,3.5,,,2018-12-21
2020-04-22,Space Jam,1996,https://boxd.it/16dHAp,3,,,2018-12-23
2020-04-22,From the Village to the City,1974,https://boxd.it/16dIjp,4,,,2018-12-23
2020-04-22,Spider-Man 3,2007,https://boxd.it/16dILD,3.5,,,2018-12-24
2020-04-22,Spider-Man: Into the Spider-Verse,2018,https://boxd.it/16dIUb,4.5,,,2018-12-24
2020-04-22,The Amazing Spider-Man,2012,https://boxd.it/16dJp9,3,,,2018-12-24
2020-04-22,Mile 22,2018,https://boxd.it/16dISJ,2,,,2019-01-01
2020-04-22,Airplane!,1980,https://boxd.it/16dJhp,4,,,2019-01-01
2020-04-22,Christmas with the Kranks,2004,https://boxd.it/16dIIf,1,,,2019-01-09
2020-04-22,Wreck-It Ralph,2012,https://boxd.it/16dI03,4,,,2019-01-21
2020-04-22,Last Knights,2015,https://boxd.it/16dIgv,1.5,,,2019-01-21
2020-04-22,Extinction,2018,https://boxd.it/16dIzR,2,,,2019-01-21
2020-04-22,Blood Father,2016,https://boxd.it/16dIFb,3,,,2019-01-21
2020-04-22,The Darkest Minds,2018,https://boxd.it/16dIKF,2,,,2019-01-21
2020-04-22,Wildlife,2018,https://boxd.it/16dJ5t,3.5,,,2019-01-21
2020-04-22,Ralph Breaks the Internet,2018,https://boxd.it/16dJ59,3.5,,,2019-01-24
2020-04-22,I Am Number Four,2011,https://boxd.it/16dHP5,3,,,2019-01-26
2020-04-22,Standing Up,2013,https://boxd.it/16dI4f,3.5,,,2019-01-26
2020-04-22,The Girl Next Door,2004,https://boxd.it/16dIpR,3,,,2019-01-26
2020-04-22,The Trace,2011,https://boxd.it/16dI95,3,,,2019-01-28
2020-04-22,Time Freak,2018,https://boxd.it/16dJ9P,3,,,2019-01-28
2020-04-22,Jumper,2008,https://boxd.it/16dIZl,2.5,,,2019-01-29
2020-04-22,Roma,2018,https://boxd.it/16dJ5N,4,,,2019-02-02
2020-04-22,The Ballad of Buster Scruggs,2018,https://boxd.it/16dJ7p,3.5,,,2019-02-04
2020-04-22,The Image Book,2018,https://boxd.it/16dJ4F,2,,,2019-02-07
2020-04-22,Halloween,2018,https://boxd.it/16dHQd,3.5,,,2019-02-10
2020-04-22,A Quiet Place,2018,https://boxd.it/16dJ8R,4,,,2019-02-10
2020-04-22,Raising Arizona,1987,https://boxd.it/16dJoF,4,,,2019-02-10
2020-04-22,Cold War,2018,https://boxd.it/16dJ83,4,,,2019-02-13
2020-04-22,When Harry Met Sally...,1989,https://boxd.it/16dJrT,4,,,2019-02-24
2020-04-22,Attack the Block,2011,https://boxd.it/16dHPf,3.5,,,2019-02-27
2020-04-22,A.R.O.G,2008,https://boxd.it/16dHHP,3.5,,,2019-03-11
2020-04-22,Blind in Love,2017,https://boxd.it/16dJcJ,3,,,2019-03-11
2020-04-22,Climax,2018,https://boxd.it/16dJjv,3.5,,,2019-03-19
2020-04-22,Nothing to Hide,2018,https://boxd.it/16dJd3,3,,,2019-03-22
2020-04-22,Liar Liar,1997,https://boxd.it/16dHC1,4,,,2019-03-23
2020-04-22,Black Mirror: Bandersnatch,2018,https://boxd.it/16dJpj,3.5,,,2019-03-23
2020-04-22,Mirage,2018,https://boxd.it/16dJaN,4,,,2019-03-25
2020-04-22,Midnight in Paris,2011,https://boxd.it/16dHUf,4,,,2019-03-26
2020-04-22,The Imitation Game,2014,https://boxd.it/16dI7X,4,,,2019-03-27
2020-04-22,Hotel Transylvania,2012,https://boxd.it/16dJjP,3.5,,,2019-03-27
2020-04-22,Lemonade,2015,https://boxd.it/16dINJ,3,,,2019-03-30
2020-04-22,Flubber,1997,https://boxd.it/16dHBd,2,,,2019-04-01
2020-04-22,Arif V 216,2018,https://boxd.it/16dJ9l,3.5,,,2019-04-03
2020-04-22,Coming Soon,2014,https://boxd.it/16dIFZ,3.5,,,2019-04-15
2020-04-22,Pet Sematary,2019,https://boxd.it/16dJjZ,3,,,2019-04-16
2020-04-22,Rosemary's Baby,1968,https://boxd.it/16dJ7f,4,,,2019-04-18
2020-04-22,Everything's Gonna Be Great,1998,https://boxd.it/16dIoT,4,,,2019-04-24
2020-04-22,In the Family,2017,https://boxd.it/16dJeb,3.5,,,2019-04-24
2020-04-22,Thor: The Dark World,2013,https://boxd.it/16dI5x,1.5,,,2019-04-28
2020-04-22,The Silence,2019,https://boxd.it/16dJbB,2,,,2019-04-28
2020-04-22,Thicker Than Water: The Vampire Diaries Part 1,2008,https://boxd.it/16dHMF,3,,,2019-05-01
2020-04-22,Toll Booth,2011,https://boxd.it/16dHZz,3.5,,,2019-05-01
2020-04-22,Guardians of the Galaxy,2014,https://boxd.it/16dI6l,4,,,2019-05-01
2020-04-22,Crisis,1946,https://boxd.it/16dIcX,2,,,2019-05-01
2020-04-22,Avengers: Age of Ultron,2015,https://boxd.it/16dIf3,2,,,2019-05-01
2020-04-22,Believe,2014,https://boxd.it/16dIoz,3,,,2019-05-01
2020-04-22,Prison Break,1938,https://boxd.it/16dISf,3,,,2019-05-01
2020-04-22,The Mechanic,2011,https://boxd.it/16dIVt,0.5,,,2019-05-01
2020-04-22,Cars 3,2017,https://boxd.it/16dIEx,3,,,2019-05-02
2020-04-22,Ant-Man,2015,https://boxd.it/16dIWB,3,,,2019-05-02
2020-04-22,Stuart Little 2,2002,https://boxd.it/16dIfH,2.5,,,2019-05-03
2020-04-22,Shark Tale,2004,https://boxd.it/16dIwt,2,,,2019-05-03
2020-04-22,Chicken Little,2005,https://boxd.it/16dIG9,2.5,,,2019-05-03
2020-04-22,The Smurfs,2011,https://boxd.it/16dIVj,1.5,,,2019-05-03
2020-04-22,Stuart Little 3: Call of the Wild,2005,https://boxd.it/16dIVD,2,,,2019-05-03
2020-04-22,Antoine Griezmann: The Making of a Legend,2019,https://boxd.it/16dJrJ,3,,,2019-05-04
2020-04-22,Doctor Strange,2016,https://boxd.it/16dHEB,4,,,2019-05-06
2020-04-22,Guardians of the Galaxy Vol. 2,2017,https://boxd.it/16dIIz,3.5,,,2019-05-07
2020-04-22,Ready Player One,2018,https://boxd.it/16dHXj,4,,,2019-05-11
2020-04-22,Spider-Man: Homecoming,2017,https://boxd.it/16dIc9,3.5,,,2019-05-11
2020-04-22,Thor: Ragnarok,2017,https://boxd.it/16dIDf,4,,,2019-05-11
2020-04-22,Avengers: Infinity War,2018,https://boxd.it/16dILX,4,,,2019-05-12
2020-04-22,Bana Bir Soygun Yaz,2012,https://boxd.it/16dInr,1,,,2019-05-18
2020-04-22,John Wick,2014,https://boxd.it/16dIud,3.5,,,2019-05-18
2020-04-22,The Fast and the Furious: Tokyo Drift,2006,https://boxd.it/16dIUv,1.5,,,2019-05-18
2020-04-22,4N1K,2017,https://boxd.it/16dJ9Z,2,,,2019-05-18
2020-04-22,The Wild Soccer Bunch 6,2016,https://boxd.it/16dJ1B,2,,,2019-06-01
2020-04-22,Rim of the World,2019,https://boxd.it/16dJiH,2,,,2019-06-01
2020-04-22,See You Yesterday,2019,https://boxd.it/16dJlB,3,,,2019-06-01
2022-03-08,The Dark Knight,2008,https://boxd.it/2DTXIX,,,,2019-08-13
2020-04-22,The Lion King,1994,https://boxd.it/16dHw3,4,,,2019-08-18
2020-04-22,Dark Shadows,2012,https://boxd.it/16dHuB,2.5,,,2019-09-02
2020-04-22,Stealing Beauty,1996,https://boxd.it/16dHAz,3,,,2019-09-02
2020-04-22,Super 8,2011,https://boxd.it/16dHWb,3.5,,,2019-09-04
2020-04-22,Tag,2018,https://boxd.it/16dIsh,2,,,2019-09-04
2020-04-22,Lemony Snicket's A Series of Unfortunate Events,2004,https://boxd.it/16dIBD,1,,,2019-09-06
2020-04-22,Good Will Hunting,1997,https://boxd.it/16dHBx,4.5,,,2019-09-08
2020-04-22,Cléo from 5 to 7,1962,https://boxd.it/16dJ3n,3.5,,,2019-09-10
2020-04-22,Man Bites Dog,1992,https://boxd.it/16dHrH,3,,,2019-09-12
2020-04-22,Vox Lux,2018,https://boxd.it/16dJ5D,3.5,,,2019-09-12
2020-04-22,American History X,1998,https://boxd.it/16dHDN,4.5,,,2019-09-23
2020-04-22,Dogtooth,2009,https://boxd.it/16dHKT,5,,,2019-09-23
2020-04-22,Inglourious Basterds,2009,https://boxd.it/16dIER,5,,,2019-09-23
2020-04-22,Spider-Man: Far From Home,2019,https://boxd.it/16dJ6V,2.5,,,2019-09-23
2020-04-22,Once Upon a Time... in Hollywood,2019,https://boxd.it/16dJbh,5,,,2019-09-23
2020-04-22,Shaft,2019,https://boxd.it/16dIR7,2.5,,,2019-09-27
2020-04-22,Shazam!,2019,https://boxd.it/16dIRh,3.5,,,2019-09-27
2020-04-22,It Chapter Two,2019,https://boxd.it/16dJcf,3,,,2019-09-27
2020-04-22,Time to Love,1965,https://boxd.it/16dHX9,5,,,2019-10-01
2020-04-22,Lolita,1962,https://boxd.it/16dJ3x,4,,,2019-10-01
2020-04-22,Dry Summer,1963,https://boxd.it/16dJ5X,5,,,2019-10-04
2020-04-22,Funny Games,1997,https://boxd.it/16dHBn,4.5,,,2019-10-05
2020-04-22,Blade Runner,1982,https://boxd.it/16dJjF,4.5,,,2019-10-06
2020-04-22,Gemini Man,2019,https://boxd.it/16dHqJ,2,,,2019-10-13
2020-04-22,Losers' Club,2011,https://boxd.it/16dI1P,3.5,,,2019-10-16
2020-04-22,Don't Breathe,2016,https://boxd.it/16dIM7,2.5,,,2019-10-16
2020-04-22,"Oslo, August 31st",2011,https://boxd.it/16dHZ5,4.5,,,2019-10-18
2020-04-22,Happy End,2017,https://boxd.it/16dJ2p,2.5,,,2019-10-19
2020-04-22,Se7en,1995,https://boxd.it/16dHyt,5,,,2019-10-28
2020-04-22,Deerskin,2019,https://boxd.it/16dJiR,3.5,,,2019-10-28
2020-04-22,The Perks of Being a Wallflower,2012,https://boxd.it/16dHWv,4,,,2019-11-14
2020-04-22,Another Earth,2011,https://boxd.it/16dHRP,4,,,2019-11-15
2020-04-22,Delicatessen,1991,https://boxd.it/16dHqf,4,,,2019-11-16
2020-04-22,Hunt for the Wilderpeople,2016,https://boxd.it/16dIUZ,4,,,2019-11-18
2020-04-22,Winter Sleep,2014,https://boxd.it/16dIrj,5,,,2019-11-22
2020-04-22,Zombieland,2009,https://boxd.it/16dHz7,4,,,2019-11-29
2020-04-22,Parasite,2019,https://boxd.it/16dJ9F,4.5,,,2019-12-02
2020-04-22,Memories of Murder,2003,https://boxd.it/16dIDJ,4.5,,,2019-12-08
2020-04-22,Look Who's Back,2015,https://boxd.it/16dIML,4,,,2019-12-10
2020-04-22,Marriage Story,2019,https://boxd.it/16dJev,4,,,2019-12-10
2020-04-22,The Host,2006,https://boxd.it/16dIUF,2.5,,,2019-12-12
2019-12-15,Ad Astra,2019,https://boxd.it/TRvMr,3.5,,,2019-12-15
2020-04-22,Adoration,2013,https://boxd.it/16dI8B,2.5,,,2019-12-15
2020-04-22,Pokémon Detective Pikachu,2019,https://boxd.it/16dJ5j,2,,,2019-12-15
2019-12-18,Arif V 216,2018,https://boxd.it/U4F3x,3.5,,,2019-12-17
2019-12-21,Portrait of a Lady on Fire,2019,https://boxd.it/UgQGz,4.5,,,2019-12-20
2019-12-22,Mortal World,2018,https://boxd.it/UluTB,,,,2019-12-21
2019-12-27,Star Wars: Episode III – Revenge of the Sith,2005,https://boxd.it/UNR3T,4,,,2019-12-27
2020-04-22,Star Wars: Episode I – The Phantom Menace,1999,https://boxd.it/16dHEr,3.5,,,2019-12-27
2020-04-22,Star Wars: Episode II – Attack of the Clones,2002,https://boxd.it/16dHF5,3,,,2019-12-27
2020-04-22,The Empire Strikes Back,1980,https://boxd.it/16dJhJ,5,,,2019-12-27
2020-04-22,Ford v Ferrari,2019,https://boxd.it/16dI4T,3.5,,,2020-02-09
2022-03-03,War for the Planet of the Apes,2017,https://boxd.it/2CT4un,3.5,,,2020-02-19
2020-04-22,Click,2006,https://boxd.it/16dIIT,1.5,,,2020-04-01
2020-04-22,Dark Phoenix,2019,https://boxd.it/16dJ8n,2,,,2020-04-04
2020-04-22,Alien,1979,https://boxd.it/16dJgh,5,,,2020-04-08
2020-04-22,Aliens,1986,https://boxd.it/16dJn3,4,,,2020-04-09
2020-04-22,Predator,1987,https://boxd.it/16dJov,4.5,,,2020-04-12
2020-04-22,White Angel,2007,https://boxd.it/16dHt9,1,,,2020-04-15
2020-04-22,Kutsal Damacana,2007,https://boxd.it/16dHvz,0.5,,,2020-04-15
2020-04-22,Recep Ivedik,2008,https://boxd.it/16dHBR,0.5,,,2020-04-15
2020-04-22,Aşk Tutulması,2008,https://boxd.it/16dHHZ,2.5,,,2020-04-15
2020-04-22,Alone,2008,https://boxd.it/16dHJB,2.5,,,2020-04-15
2020-04-22,I Saw the Sun,2009,https://boxd.it/16dHK5,1.5,,,2020-04-15
2020-04-22,Recep Ivedik 2,2009,https://boxd.it/16dHKf,0.5,,,2020-04-15
2020-04-22,Yahşi Batı,2009,https://boxd.it/16dHSj,2,,,2020-04-15
2020-04-22,Recep Ivedik 3,2010,https://boxd.it/16dHT7,0.5,,,2020-04-15
2020-04-22,Eyyvah Eyvah,2010,https://boxd.it/16dHTL,2,,,2020-04-15
2020-04-22,Çok Filim Hareketler Bunlar,2010,https://boxd.it/16dHVx,0.5,,,2020-04-15
2020-04-22,Sleeping Princess,2010,https://boxd.it/16dHZT,1.5,,,2020-04-15
2020-04-22,Conquest 1453,2012,https://boxd.it/16dI0x,1,,,2020-04-15
2020-04-22,Dance with the Jackals,2010,https://boxd.it/16dI0H,2,,,2020-04-15
2020-04-22,Valley of the Wolves: Palestine,2011,https://boxd.it/16dI0R,0.5,,,2020-04-15
2020-04-22,Eyyvah Eyvah 2,2011,https://boxd.it/16dI1v,2,,,2020-04-15
2020-04-22,En Büyük Şaban,1983,https://boxd.it/16dIht,1.5,,,2020-04-15
2020-04-22,The Chaos Class Failed the Class,1976,https://boxd.it/16dIhX,4.5,,,2020-04-15
2020-04-22,The Chaos Class Is Waking Up,1976,https://boxd.it/16dIih,4.5,,,2020-04-15
2020-04-22,Hanzo,1975,https://boxd.it/16dIir,1,,,2020-04-15
2020-04-22,Japanese Connection,1987,https://boxd.it/16dIiB,1,,,2020-04-15
2020-04-22,"Saban, Son of Saban",1977,https://boxd.it/16dIkd,4.5,,,2020-04-15
2020-04-22,Şabaniye,1984,https://boxd.it/16dIkR,1,,,2020-04-15
2020-04-22,Salako,1974,https://boxd.it/16dIlF,2,,,2020-04-15
2020-04-22,The Foster Brothers,1976,https://boxd.it/16dIlP,4.5,,,2020-04-15
2020-04-22,Tarzan Rıfkı,1986,https://boxd.it/16dIlZ,1,,,2020-04-15
2020-04-22,Tosun Pasha,1976,https://boxd.it/16dIm9,4.5,,,2020-04-15
2020-04-22,Jojo Rabbit,2019,https://boxd.it/16dIof,4.5,,,2020-04-15
2020-04-22,Celal and Ceren,2013,https://boxd.it/16dIoJ,0.5,,,2020-04-15
2020-04-22,Government Woman,2013,https://boxd.it/16dIp3,1,,,2020-04-15
2020-04-22,The Chaos Class Is Fretting Over,1979,https://boxd.it/16dItf,2.5,,,2020-04-15
2020-04-22,Thou Gild'st the Even,2013,https://boxd.it/16dItz,4.5,,,2020-04-15
2020-04-22,Boss Wants a Happy Ending,2014,https://boxd.it/16dIAb,0.5,,,2020-04-15
2020-04-22,Wedding Association,2013,https://boxd.it/16dIB9,1.5,,,2020-04-15
2020-04-22,Time Machine 1973,2014,https://boxd.it/16dICh,1.5,,,2020-04-15
2020-04-22,Eyyvah Eyvah 3,2014,https://boxd.it/16dICB,1,,,2020-04-15
2020-04-22,Wacky Class Welcome,2004,https://boxd.it/16dIJR,0.5,,,2020-04-15
2020-04-22,Whisper If I Forget,2014,https://boxd.it/16dIKZ,1.5,,,2020-04-15
2020-04-22,Pardon,2005,https://boxd.it/16dIOH,4,,,2020-04-15
2020-04-22,Magic Carpet Ride,2005,https://boxd.it/16dIV9,2,,,2020-04-15
2020-04-22,Ali Baba and the 7 Dwarfs,2015,https://boxd.it/16dIVN,1.5,,,2020-04-15
2020-04-22,A Unique Life,2015,https://boxd.it/16dJ1h,1.5,,,2020-04-15
2020-04-22,Serial Cook,2017,https://boxd.it/16dJ4Z,3,,,2020-04-15
2020-04-22,Bad Boy,2017,https://boxd.it/16dJ67,0.5,,,2020-04-15
2020-04-22,Ayla: The Daughter of War,2017,https://boxd.it/16dJ6L,2,,,2020-04-15
2020-04-22,The Wild Pear Tree,2018,https://boxd.it/16dJ8x,4.5,,,2020-04-15
2020-04-22,Joker,2019,https://boxd.it/16dJbr,4,,,2020-04-15
2020-04-22,Neşeli Günler,1978,https://boxd.it/16dJeF,4.5,,,2020-04-15
2020-04-22,What a Crush,2018,https://boxd.it/16dJft,0.5,,,2020-04-15
2020-04-22,Muslum,2018,https://boxd.it/16dJfN,2.5,,,2020-04-15
2020-04-22,You Were Never Really Here,2017,https://boxd.it/16dJ4v,4.5,,,2020-04-17
2020-04-22,Fırıncının Karısı,2019,https://boxd.it/16dHqp,0.5,,,2020-04-20
2020-04-22,Osman Pazarlama,2016,https://boxd.it/16dJ2J,0.5,,,2020-04-20
2020-04-22,Recep Ivedik 6,2019,https://boxd.it/16dJcz,0.5,,,2020-04-20
2020-04-22,To Die For,2018,https://boxd.it/16dJcT,0.5,,,2020-04-20
2020-04-22,Predator 2,1990,https://boxd.it/16jhx7,4,,,2020-04-22
2020-04-30,La Belle Époque,2019,https://boxd.it/17d2j7,4,,,2020-04-29
2020-05-06,Smiling Eyes,1977,https://boxd.it/17XHKZ,,,,2020-05-04
2020-05-12,Peter Pan,1953,https://boxd.it/18LhEr,4,,,2020-05-12
2020-05-13,Return to Never Land,2002,https://boxd.it/18StXf,3,,,2020-05-13
2020-05-16,Smiling Eyes,1977,https://boxd.it/19brxn,4.5,Yes,,2020-05-13
2020-05-16,"Saban, Son of Saban",1977,https://boxd.it/19blbv,4.5,Yes,,2020-05-15
2020-05-31,BASEketball,1998,https://boxd.it/1aQbYX,1.5,,,2020-05-30
2020-08-01,When Marnie Was There,2014,https://boxd.it/1hhd59,4,,,2020-07-31
2021-04-24,Inception,2010,https://boxd.it/1Oy83X,5,Yes,,2020-08-16
2021-04-24,Inception,2010,https://boxd.it/1Oy8fz,5,Yes,,2020-08-19
2021-04-24,Tenet,2020,https://boxd.it/1Oy5Ij,,,,2020-08-30
2021-04-24,Tenet,2020,https://boxd.it/1Oy5OB,3,Yes,,2020-09-03
2021-04-24,Tenet,2020,https://boxd.it/1Oy64p,3,Yes,,2020-09-09
2020-11-16,True Grit,2010,https://boxd.it/1sDEs3,3,,,2020-11-15
2020-11-16,True Grit,2010,https://boxd.it/1sDEob,3,,,2020-11-16
2020-12-06,Just Another Christmas,2020,https://boxd.it/1uMkKn,3.5,,,2020-12-03
2021-02-05,The Wild Pear Tree,2018,https://boxd.it/1DEu21,4.5,Yes,,2021-01-01
2021-02-05,Winter Sleep,2014,https://boxd.it/1DEuml,5,Yes,,2021-01-02
2021-02-05,Once Upon a Time in Anatolia,2011,https://boxd.it/1DEuvd,5,Yes,,2021-01-03
2021-04-07,Love Likes Coincidences 2,2020,https://boxd.it/1MewRf,,,,2021-01-17
2021-01-26,Night Moves,2013,https://boxd.it/1CfVz3,3.5,,,2021-01-19
2021-01-26,The Nun's Story,1959,https://boxd.it/1CgbQp,4,,,2021-01-20
2021-01-26,A Run for Money,1999,https://boxd.it/1CgmYJ,4,,,2021-01-24
2021-02-03,Easy Rider,1969,https://boxd.it/1Dp1Hz,4,Yes,,2021-01-30
2021-02-05,Enemy,2013,https://boxd.it/1DEsJx,3.5,,,2021-02-03
2021-02-28,The Truman Show,1998,https://boxd.it/1GU6a5,5,Yes,,2021-02-27
2021-03-01,Before Midnight,2013,https://boxd.it/1H4rgX,4,Yes,,2021-02-28
2021-03-08,Nomadland,2020,https://boxd.it/1HYmCh,4,,,2021-03-07
2021-03-09,Soul,2020,https://boxd.it/1I9sod,4.5,,,2021-03-07
2021-03-09,Raya and the Last Dragon,2021,https://boxd.it/1IayY9,,,,2021-03-08
2021-03-17,Onward,2020,https://boxd.it/1JbmWh,,,,2021-03-11
2021-05-08,Midsommar,2019,https://boxd.it/1QwMCH,4,,,2021-03-13
2021-03-17,Paper Lives,2021,https://boxd.it/1JbmSJ,,,,2021-03-14
2021-03-17,Man of Steel,2013,https://boxd.it/1JcWdp,4,Yes,,2021-03-16
2021-03-25,Batman v Superman: Dawn of Justice,2016,https://boxd.it/1Khs4r,3,Yes,,2021-03-23
2021-04-08,Fantastic Mr. Fox,2009,https://boxd.it/1MhWwN,4.5,,,2021-04-07
2021-04-17,Love and Monsters,2020,https://boxd.it/1NAD0F,3.5,,,2021-04-16
2021-04-17,Fahrenheit 451,1966,https://boxd.it/1NF0Bx,3.5,,,2021-04-17
2021-04-18,Sound of Metal,2019,https://boxd.it/1NGEnn,4,,,2021-04-17
2021-04-19,Cars,2006,https://boxd.it/1NUJiF,4,Yes,,2021-04-18
2021-04-24,Fun with Dick and Jane,2005,https://boxd.it/1OAqjD,2,,,2021-04-24
2021-04-25,Shrek,2001,https://boxd.it/1OQglh,4,Yes,,2021-04-25
2021-05-01,Shrek 2,2004,https://boxd.it/1Pydkt,4,Yes,,2021-04-29
2021-05-01,Spring,2014,https://boxd.it/1Pyd8x,3.5,,,2021-04-30
2021-05-02,The Iron Giant,1999,https://boxd.it/1PGeJP,4.5,,,2021-05-01
2021-05-03,The Mitchells vs. the Machines,2021,https://boxd.it/1PQvTR,4,,,2021-05-02
2021-05-09,Thunder Force,2021,https://boxd.it/1QIHUv,1.5,,,2021-05-02
2021-05-03,22 vs. Earth,2021,https://boxd.it/1Q02l7,4,,,2021-05-03
2021-05-04,Shrek,2001,https://boxd.it/1Q21DX,4,Yes,,2021-05-03
2021-05-04,Days of Being Wild,1990,https://boxd.it/1Q21HZ,4,,,2021-05-03
2021-05-04,The Map of Tiny Perfect Things,2021,https://boxd.it/1Q3B5T,2.5,,,2021-05-03
2021-05-05,Star Wars,1977,https://boxd.it/1QbbiN,4.5,Yes,,2021-05-04
2021-05-07,In the Mood for Love,2000,https://boxd.it/1QsvAB,4.5,,,2021-05-06
2021-05-10,Coherence,2013,https://boxd.it/1QNDlL,4.5,,,2021-05-09
2021-05-13,Yesterday,2019,https://boxd.it/1RfkNx,,,,2021-05-10
2021-05-11,Café de Flore,2011,https://boxd.it/1R1EK1,3,,,2021-05-11
2021-09-06,The Tomorrow War,2021,https://boxd.it/27p5kJ,2.5,,,2021-09-05
2021-10-08,The Chaos Class,1975,https://boxd.it/2bLoCH,4.5,Yes,,2021-10-04
2021-10-06,Casino Royale,2006,https://boxd.it/2bwGnP,4,,,2021-10-05
2021-10-08,Quantum of Solace,2008,https://boxd.it/2bLsw9,3,,,2021-10-07
2021-10-24,Perfidious Byzantine,2000,https://boxd.it/2ehw9b,2.5,,,2021-10-21
2021-10-25,August 32nd on Earth,1998,https://boxd.it/2ewAZb,3.5,,,2021-10-21
2021-11-22,Deeply,2021,https://boxd.it/2iWMlP,4,,,2021-10-22
2021-10-25,Knives Out,2019,https://boxd.it/2ewWqx,4,,,2021-10-24
2022-01-18,Dune,2021,https://boxd.it/2uEPAF,4,,,2021-10-28
2022-01-18,Dune,2021,https://boxd.it/2uEPPb,4,Yes,,2021-10-29
2021-11-10,The Harder They Fall,2021,https://boxd.it/2h3Ypl,3,,,2021-11-04
2021-11-09,Meet Dave,2008,https://boxd.it/2gW1gF,0.5,,,2021-11-07
2021-11-23,Hot Fuzz,2007,https://boxd.it/2j61gN,4.5,,,2021-11-23
2021-11-24,Greenland,2020,https://boxd.it/2jesrz,2.5,,,2021-11-24
2021-12-23,Spider-Man,2002,https://boxd.it/2nPyL1,3.5,Yes,,2021-12-03
2021-12-23,Spider-Man 2,2004,https://boxd.it/2nPyYT,4.5,Yes,,2021-12-04
2021-12-23,Spider-Man 3,2007,https://boxd.it/2nPz8p,4,Yes,,2021-12-05
2021-12-23,The Matrix,1999,https://boxd.it/2nPy7b,5,Yes,,2021-12-10
2021-12-23,Spider-Man: No Way Home,2021,https://boxd.it/2nPzDn,,,,2021-12-18
2021-12-23,Spider-Man: No Way Home,2021,https://boxd.it/2nPzIR,,Yes,,2021-12-22
2021-12-24,The Matrix,1999,https://boxd.it/2nWKId,5,Yes,,2021-12-23
2021-12-25,Shrek,2001,https://boxd.it/2ogVX9,4,Yes,,2021-12-25
2021-12-25,Shrek 2,2004,https://boxd.it/2ogW95,4,Yes,,2021-12-25
2021-12-25,Shrek the Third,2007,https://boxd.it/2okO53,,,,2021-12-25
2021-12-27,Don't Look Up,2021,https://boxd.it/2oLqFZ,4.5,,,2021-12-26
2021-12-31,Spider-Man: Into the Spider-Verse,2018,https://boxd.it/2pS5Yz,5,Yes,,2021-12-31
2022-01-05,Nobody,2021,https://boxd.it/2rl2Yj,3.5,,,2022-01-05
2022-01-06,National Lampoon's European Vacation,1985,https://boxd.it/2ryRGV,3,,,2022-01-06
2022-01-07,National Lampoon's Christmas Vacation,1989,https://boxd.it/2rLSLD,2.5,,,2022-01-06
2022-01-07,Boss Level,2021,https://boxd.it/2rP2cJ,3.5,,,2022-01-07
2022-01-08,The Tender Bar,2021,https://boxd.it/2s2dlj,3,,,2022-01-08
2022-01-10,12:01,1993,https://boxd.it/2sE5U7,3.5,,,2022-01-10
2022-01-16,Independence Day,1996,https://boxd.it/2u60tZ,3.5,,,2022-01-15
2022-01-16,Independence Day: Resurgence,2016,https://boxd.it/2uamDb,1,,,2022-01-16
2022-01-17,"The French Dispatch of the Liberty, Kansas Evening Sun",2021,https://boxd.it/2uqlvR,2.5,,,2022-01-17
2022-01-19,"tick, tick... BOOM!",2021,https://boxd.it/2uOO5V,3,,,2022-01-18
2022-01-19,Dumb and Dumber,1994,https://boxd.it/2uTFTd,3.5,,,2022-01-19
2022-01-24,Dumb and Dumber To,2014,https://boxd.it/2vXsCP,2.5,,,2022-01-20
2022-01-25,Man of Steel,2013,https://boxd.it/2w9U5N,4,Yes,,2022-01-22
2022-01-24,Toy Story,1995,https://boxd.it/2vXt1Z,4,Yes,,2022-01-23
2022-01-24,Toy Story 2,1999,https://boxd.it/2vXtdh,4.5,Yes,,2022-01-23
2022-01-24,Toy Story 3,2010,https://boxd.it/2vXthD,5,Yes,,2022-01-23
2022-02-03,Moonfall,2022,https://boxd.it/2xQz7D,2,,,2022-02-02
2022-02-05,Bergman Island,2021,https://boxd.it/2y8qrZ,3.5,,,2022-02-04
2022-02-09,Death on the Nile,2022,https://boxd.it/2yVXa1,3,,,2022-02-08
2022-02-10,Uncharted,2022,https://boxd.it/2z5XWp,2,,,2022-02-09
2022-02-15,The Benchwarmers,2006,https://boxd.it/2A5WbB,2.5,,,2022-02-14
2022-02-16,Safety Not Guaranteed,2012,https://boxd.it/2AefZV,3.5,,,2022-02-15
2022-02-17,The One I Love,2014,https://boxd.it/2ArkLF,4.5,,,2022-02-17
2022-02-18,The Discovery,2017,https://boxd.it/2AvOpn,3.5,,,2022-02-17
2022-02-20,The Way We Are,2020,https://boxd.it/2B1Dx5,2.5,,,2022-02-20
2022-02-22,Iftar Soda,2016,https://boxd.it/2BmRR1,2,,,2022-02-21
2022-02-22,Batman,1966,https://boxd.it/2Bp3Jn,2,,,2022-02-21
2022-02-24,Batman,1989,https://boxd.it/2BMcsL,4,Yes,,2022-02-24
2022-02-25,Trouble on Wheels,2015,https://boxd.it/2BTI5t,3,Yes,,2022-02-24
2022-02-26,Army of the Dead,2021,https://boxd.it/2C1Z81,2,,,2022-02-25
2022-03-02,Batman Returns,1992,https://boxd.it/2CLV2l,4.5,Yes,,2022-03-02
2022-03-06,Batman Forever,1995,https://boxd.it/2DqAWT,2,,,2022-03-05
2022-03-07,Batman Begins,2005,https://boxd.it/2DDI4V,4.5,Yes,,2022-03-06
2022-03-08,The Dark Knight,2008,https://boxd.it/2DU2Up,5,Yes,,2022-03-07
2022-03-11,Piranha,1978,https://boxd.it/2Em3Nv,3,,,2022-03-10
2022-03-14,The Adam Project,2022,https://boxd.it/2F4Xpd,3,,,2022-03-14
2022-03-17,Idiocracy,2006,https://boxd.it/2FEmd7,2,,,2022-03-17
2022-03-20,Premature,2014,https://boxd.it/2G9RnJ,2.5,,,2022-03-20
2022-03-23,Superman: Red Son,2020,https://boxd.it/2GFK2D,2.5,,,2022-03-22
2022-03-24,Turning Red,2022,https://boxd.it/2GT2Bx,3.5,,,2022-03-23
2022-03-26,Belfast,2021,https://boxd.it/2HdvJv,2,,,2022-03-25
2022-03-29,Fresh,2022,https://boxd.it/2HNsy7,3.5,,,2022-03-28
2022-03-30,Kung Fu Panda,2008,https://boxd.it/2HXXmB,3.5,Yes,,2022-03-29
2022-03-30,Kung Fu Panda 2,2011,https://boxd.it/2HY8HZ,4,Yes,,2022-03-29
2022-03-31,The Imitation Game,2014,https://boxd.it/2IbcS9,4,Yes,,2022-03-30
2022-04-04,Kung Fu Panda Holiday,2010,https://boxd.it/2IOUaX,3.5,,,2022-04-02
2022-04-04,Kung Fu Panda 3,2016,https://boxd.it/2IPgbj,3.5,,,2022-04-03
2022-04-04,In Good Hands,2022,https://boxd.it/2IWZPR,1,,,2022-04-04
2022-04-05,Source Code,2011,https://boxd.it/2J69LX,4,Yes,,2022-04-05
2022-04-06,Time Trap,2017,https://boxd.it/2JeekD,3.5,,,2022-04-05
2022-04-07,Everything Everywhere All at Once,2022,https://boxd.it/2JnYFZ,5,,,2022-04-06
2022-04-12,Sonic the Hedgehog,2020,https://boxd.it/2Kjar5,2.5,,,2022-04-11
2022-04-17,Cars of the Revolution,2008,https://boxd.it/2Lf5mF,4,,,2022-04-15
2022-04-17,World of Tomorrow,2015,https://boxd.it/2LeXuB,4.5,,,2022-04-17
2022-04-24,Jolly Life,2009,https://boxd.it/2MzxtN,3.5,Yes,,2022-04-21
2022-04-24,The Ottoman Republic,2008,https://boxd.it/2Mzxxl,1,,,2022-04-21
2022-05-08,Doctor Strange in the Multiverse of Madness,2022,https://boxd.it/2OQljD,3,,,2022-05-06
2022-05-18,Brother in Love 2,2021,https://boxd.it/2QIcv3,3,,,2022-05-18
2022-05-25,Mandıra Filozofu,2014,https://boxd.it/2RXwDP,2,,,2022-05-24
2022-05-28,Ice Age: Dawn of the Dinosaurs,2009,https://boxd.it/2SwEh3,3.5,Yes,,2022-05-27
2022-06-02,"Love, Death & Robots: Three Robots: Exit Strategies",2022,https://boxd.it/2TnrsX,,,,2022-06-01
2022-06-16,The Secret Life of Pets,2016,https://boxd.it/2VT6s5,3,,,2022-06-12
2022-06-16,The Pacifier,2005,https://boxd.it/2VUkQd,2.5,Yes,,2022-06-16
2022-09-20,Obi-Wan Kenobi,2022,https://boxd.it/3eZybT,3,,,2022-06-22
2022-06-26,Rise,2022,https://boxd.it/2XI9JJ,4,,,2022-06-25
2022-06-26,Diary of a Wimpy Kid,2010,https://boxd.it/2XNHaj,3,Yes,,2022-06-26
2022-06-27,Diary of a Wimpy Kid: Rodrick Rules,2011,https://boxd.it/2XVChv,2.5,Yes,,2022-06-26
2022-06-28,Diary of a Wimpy Kid: Dog Days,2012,https://boxd.it/2Yf2vV,3,Yes,,2022-06-28
2022-07-01,Ratatouille,2007,https://boxd.it/2YH6MR,4,,,2022-06-29
2022-07-01,A Bug's Life,1998,https://boxd.it/2YMXKp,3.5,,,2022-07-01
2022-07-05,The Wild,2006,https://boxd.it/2ZmONL,2,Yes,,2022-07-02
2022-07-07,Guardians of the Galaxy,2014,https://boxd.it/2ZO3yl,4,Yes,,2022-07-06
2022-07-09,Guardians of the Galaxy Vol. 2,2017,https://boxd.it/308dgV,3.5,Yes,,2022-07-08
2022-07-17,Cars,2006,https://boxd.it/31K4Yp,4,Yes,,2022-07-09
2022-07-17,Thor: Ragnarok,2017,https://boxd.it/31K4N7,4,Yes,,2022-07-13
2022-07-22,Avengers: Infinity War,2018,https://boxd.it/32NvRP,4,Yes,,2022-07-21
2022-07-23,Avengers: Endgame,2019,https://boxd.it/338yEr,4,,,2022-07-23
2022-07-24,Day & Night,2010,https://boxd.it/339nof,4,,,2022-07-23
2022-08-07,Predator,1987,https://boxd.it/36tId5,4.5,Yes,,2022-08-06
2022-08-09,Jojo Rabbit,2019,https://boxd.it/36Y6Ad,4.5,Yes,,2022-08-08
2022-08-09,Abraham Lincoln: Vampire Hunter,2012,https://boxd.it/36Y6RX,2,,,2022-08-08
2022-08-11,Laal Singh Chaddha,2022,https://boxd.it/37u6t1,2.5,,,2022-08-10
2022-08-24,Nope,2022,https://boxd.it/3a1yal,4,,,2022-08-23
2022-08-25,Magnum Opus,2022,https://boxd.it/3ahCuV,3.5,,,2022-08-25
2022-08-25,Groot Takes a Bath,2022,https://boxd.it/3ahCAz,3,,,2022-08-25
2022-08-25,The Little Guy,2022,https://boxd.it/3ahCCF,3,,,2022-08-25
2022-08-25,Groot's Pursuit,2022,https://boxd.it/3ahCEL,3,,,2022-08-25
2022-08-25,Groot's First Steps,2022,https://boxd.it/3ahCH1,3,,,2022-08-25
2022-08-27,Predator 2,1990,https://boxd.it/3aCHwT,4,Yes,,2022-08-27
2022-09-09,Spider-Man: No Way Home,2021,https://boxd.it/3cWHxZ,3.5,Yes,,2022-08-31
2022-09-03,C'mon C'mon,2021,https://boxd.it/3bKVSp,4,,,2022-09-01
2022-09-06,Emergency Declaration,2021,https://boxd.it/3cqvhV,2.5,,,2022-09-05
2022-09-09,Where the Crawdads Sing,2022,https://boxd.it/3cWFXh,3,,,2022-09-06
2022-09-16,Three Thousand Years of Longing,2022,https://boxd.it/3eeyM7,3.5,,,2022-09-12
2022-09-16,Dragon Ball Super: Super Hero,2022,https://boxd.it/3eeFB1,4,,,2022-09-12
2022-09-16,Ticket to Paradise,2022,https://boxd.it/3eeKer,2.5,,,2022-09-14
2022-09-16,Moonage Daydream,2022,https://boxd.it/3eeRzL,5,,,2022-09-14
2022-09-20,My Girl,1991,https://boxd.it/3f3ozp,3.5,,,2022-09-19
2022-09-21,Don't Worry Darling,2022,https://boxd.it/3feUi3,2.5,,,2022-09-20
2022-09-26,Happy Death Day,2017,https://boxd.it/3g9oAN,3,,,2022-09-25
2022-10-01,Amsterdam,2022,https://boxd.it/3h4jhZ,3,,,2022-09-29
2022-10-01,Mystery Train,1989,https://boxd.it/3h4jw1,4,,,2022-09-30
2022-10-03,The Shining,1980,https://boxd.it/3hFFXd,5,,,2022-10-01
2022-10-06,Avatar,2009,https://boxd.it/3ievsJ,5,Yes,,2022-10-05
2022-10-08,The Beasts,2022,https://boxd.it/3iFbb3,5,,,2022-10-07
2022-10-08,The Worst Ones,2022,https://boxd.it/3iFc0P,3.5,,,2022-10-07
2022-10-09,War Pony,2022,https://boxd.it/3iPV2L,4,,,2022-10-08
2022-10-11,Holy Spider,2022,https://boxd.it/3jmES7,4,,,2022-10-10
2022-10-12,See How They Run,2022,https://boxd.it/3jFmB1,3,,,2022-10-12
2022-10-21,Brother and Sister,2022,https://boxd.it/3lmPsH,,,,2022-10-12
2022-10-20,Back to the Future,1985,https://boxd.it/3ldtwT,5,Yes,,2022-10-19
2022-10-24,Back to the Future Part II,1989,https://boxd.it/3lYq9h,4,Yes,,2022-10-23
2022-10-26,Back to the Future Part III,1990,https://boxd.it/3muZMx,3.5,Yes,,2022-10-24
2022-10-26,Bodies Bodies Bodies,2022,https://boxd.it/3mvV1f,3.5,,,2022-10-25
2022-10-30,The Mighty Ducks,1992,https://boxd.it/3nfb87,3.5,,,2022-10-29
2022-10-31,Goal!,2005,https://boxd.it/3nyl5F,3,Yes,,2022-10-30
2022-11-01,Sick of Myself,2022,https://boxd.it/3nOUmj,4,,,2022-10-31
2022-11-02,D2: The Mighty Ducks,1994,https://boxd.it/3nZy8r,2.5,,,2022-11-01
2022-11-10,D3: The Mighty Ducks,1996,https://boxd.it/3pLej5,2,,,2022-11-09
2022-11-10,Black Panther: Wakanda Forever,2022,https://boxd.it/3pLO3H,3.5,,,2022-11-09
2022-11-14,Rookie of the Year,1993,https://boxd.it/3qEBxz,2,,,2022-11-14
2022-11-15,The Menu,2022,https://boxd.it/3qYsGd,3.5,,,2022-11-15
2022-11-24,Bones and All,2022,https://boxd.it/3sDRxB,3.5,,,2022-11-23
2022-12-02,Burning Days,2022,https://boxd.it/3ugG5t,5,,,2022-12-01
2022-12-18,Avatar: The Way of Water,2022,https://boxd.it/3xQYW5,5,,,2022-12-18
2023-01-09,Recep Ivedik 7,2022,https://boxd.it/3FME13,,,,2022-12-24
2022-12-26,Klaus,2019,https://boxd.it/3A9d39,4,,,2022-12-26
2023-01-02,Glass Onion,2022,https://boxd.it/3CMRhV,,,,2023-01-01
2023-01-05,The Fabelmans,2022,https://boxd.it/3E0rur,4,,,2023-01-04
2023-01-09,Recep Ivedik 5,2017,https://boxd.it/3FMDjZ,,,,2023-01-08
2023-01-11,EO,2022,https://boxd.it/3GoKRZ,,,,2023-01-09
2023-01-11,Operation Fortune: Ruse de Guerre,2023,https://boxd.it/3GoKuL,3,,,2023-01-10
2023-01-12,M3GAN,2022,https://boxd.it/3GGWXB,3,,,2023-01-11
2023-01-19,Piranha II: The Spawning,1982,https://boxd.it/3J8hKP,,,,2023-01-18
2023-01-30,Avatar: The Way of Water,2022,https://boxd.it/3MQRyl,5,Yes,,2023-01-29
2023-02-02,Mummies,2023,https://boxd.it/3Nv4VR,2.5,,,2023-01-31
2023-02-02,The Banshees of Inisherin,2022,https://boxd.it/3NruRN,5,,,2023-02-01
2023-02-16,New Year's Eve,2022,https://boxd.it/3RqsCv,2,,,2023-02-05
2023-02-10,Your Christmas or Mine?,2022,https://boxd.it/3PRWO3,,,,2023-02-09
2023-02-16,Big,1988,https://boxd.it/3Rt3gv,4,,,2023-02-15
2023-02-17,Turner & Hooch,1989,https://boxd.it/3RCIoD,2.5,,,2023-02-16
2023-02-20,Splash,1984,https://boxd.it/3SFbpX,3,,,2023-02-19
2023-02-21,"Honey, I Shrunk the Kids",1989,https://boxd.it/3SQD0D,3.5,,,2023-02-20
2023-02-22,"Honey, I Blew Up the Kid",1992,https://boxd.it/3TfgJv,,,,2023-02-21
2023-02-22,"Honey, We Shrunk Ourselves",1997,https://boxd.it/3TfgZX,,,,2023-02-21
2023-02-24,Ant-Man,2015,https://boxd.it/3TUtuF,3,Yes,,2023-02-24
2023-02-25,Ant-Man and the Wasp: Quantumania,2023,https://boxd.it/3U4WGv,2.5,,,2023-02-24
2023-02-27,Django Unchained,2012,https://boxd.it/3UJipL,5,,,2023-02-26
2023-02-28,Wristcutters: A Love Story,2006,https://boxd.it/3UXjkZ,4,Yes,,2023-02-27
2023-03-08,Scream VI,2023,https://boxd.it/3Xgp8B,3,,,2023-03-08
2023-03-10,65,2023,https://boxd.it/3XKFwT,1.5,,,2023-03-08
2023-03-12,Scream,1996,https://boxd.it/3Yf3oz,4,,,2023-03-12
2023-03-13,Scream 2,1997,https://boxd.it/3YARUd,3,,,2023-03-12
2023-03-16,Shazam! Fury of the Gods,2023,https://boxd.it/3ZkpTD,3,,,2023-03-15
2023-03-20,Scream 3,2000,https://boxd.it/40nMah,2.5,,,2023-03-19
2023-03-26,Scream 4,2011,https://boxd.it/4224nn,3,,,2023-03-26
2023-03-27,Cocaine Bear,2023,https://boxd.it/42iOkV,3,,,2023-03-26
2023-03-31,Missing,2023,https://boxd.it/43chq9,,,,2023-03-28
2023-04-05,Dungeons & Dragons: Honor Among Thieves,2023,https://boxd.it/44HfSL,4,,,2023-04-04
2023-04-17,The Super Mario Bros. Movie,2023,https://boxd.it/488oFR,3.5,,,2023-04-15
2023-05-02,Spider-Man,2002,https://boxd.it/4c0USD,4,Yes,,2023-05-01
2023-05-02,Spider-Man 2,2004,https://boxd.it/4c0UXD,4.5,Yes,,2023-05-01
2023-05-12,Dazed and Confused,1993,https://boxd.it/4eHzij,4,,,2023-05-11
2023-05-21,Crater,2023,https://boxd.it/4gQngr,3.5,,,2023-05-20
2023-05-28,10 Things I Hate About You,1999,https://boxd.it/4ivFqZ,3.5,,,2023-05-27
2023-06-01,Spider-Man: Across the Spider-Verse,2023,https://boxd.it/4jBBhl,4.5,,,2023-05-31
2023-06-09,Beau Is Afraid,2023,https://boxd.it/4lN9YD,4,,,2023-06-08
2023-06-11,Spider-Man: Across the Spider-Verse,2023,https://boxd.it/4mcFBh,4.5,Yes,,2023-06-09
2023-06-14,BlackBerry,2023,https://boxd.it/4n5oL5,4.5,,,2023-06-12
2023-06-15,The Flash,2023,https://boxd.it/4np9EN,3.5,,,2023-06-14
2023-06-19,Léon: The Professional,1994,https://boxd.it/4owIPz,5,,,2023-06-15
2023-06-19,Extraction,2020,https://boxd.it/4oHbKt,3,,,2023-06-16
2023-06-20,Extraction 2,2023,https://boxd.it/4oOf4P,4,,,2023-06-17
2023-06-21,Bottle Rocket,1996,https://boxd.it/4p7EJ7,4,,,2023-06-20
2023-07-05,Destiny,2006,https://boxd.it/4tbDt7,4.5,,,2023-07-04
2023-07-14,Mission: Impossible,1996,https://boxd.it/4vT3Gv,3.5,,,2023-07-13
2023-07-17,Mission: Impossible II,2000,https://boxd.it/4wNjyf,2.5,,,2023-07-16
2023-07-25,Barbie,2023,https://boxd.it/4zRu5t,3.5,,,2023-07-21
2023-08-04,Meg 2: The Trench,2023,https://boxd.it/4DPy4B,0.5,,,2023-08-03
2023-08-16,Oppenheimer,2023,https://boxd.it/4HG0i3,4.5,,,2023-08-15
2023-08-22,Teenage Mutant Ninja Turtles: Mutant Mayhem,2023,https://boxd.it/4JADm5,4,,,2023-08-20
2023-08-27,Talk to Me,2022,https://boxd.it/4L4kP7,4,,,2023-08-26
2023-09-18,Oppenheimer,2023,https://boxd.it/4Rvfrx,4.5,Yes,,2023-08-30
2023-09-11,Inside,2002,https://boxd.it/4Pp4ub,4,,,2023-09-10
2023-09-12,The Magician,2006,https://boxd.it/4PQZID,3.5,Yes,,2023-09-11
2023-09-19,Boss Wants a Happy Ending,2014,https://boxd.it/4RXbPL,1.5,Yes,,2023-09-18
2023-10-10,Fargo,1996,https://boxd.it/4YejGl,5,,,2023-09-29
2024-02-26,About Dry Grasses,2023,https://boxd.it/5UT15Z,4.5,,,2023-09-30
2023-10-12,No One Will Save You,2023,https://boxd.it/4YU8v1,3.5,,,2023-10-01
2023-10-10,Barbarian,2022,https://boxd.it/4Yf2p5,3.5,,,2023-10-07
2023-10-16,Fallen Leaves,2023,https://boxd.it/50gNCZ,4,,,2023-10-14
2023-10-16,The Book of Solutions,2023,https://boxd.it/50gO1Z,3.5,,,2023-10-14
2023-10-16,How to Have Sex,2023,https://boxd.it/50gP09,3,,,2023-10-14
2023-10-16,The Taste of Things,2023,https://boxd.it/50gPnd,3.5,,,2023-10-14
2023-10-16,Black Box,2023,https://boxd.it/50gRUj,3,,,2023-10-15
2023-10-16,Four Daughters,2023,https://boxd.it/50gSaV,4,,,2023-10-15
2023-10-20,Dream Scenario,2023,https://boxd.it/51lKQ9,4,,,2023-10-18
2023-11-06,The Call,2020,https://boxd.it/57xCep,3.5,,,2023-11-04
2023-12-04,Mortal World 2,2023,https://boxd.it/5gnfCp,2.5,,,2023-12-03
2023-12-11,Last Call for Istanbul,2023,https://boxd.it/5iUdcN,1.5,,,2023-12-11
2023-12-17,Chicken Run,2000,https://boxd.it/5kPzBX,3.5,Yes,,2023-12-16
2024-01-15,Spider-Man,2002,https://boxd.it/5Be9GB,4,Yes,,2024-01-01
2024-01-15,Cube,1997,https://boxd.it/5Beabf,4,,,2024-01-08
2024-01-10,The Wait,2020,https://boxd.it/5ybzVp,,,,2024-01-10
2024-01-17,Child's Play,1988,https://boxd.it/5C22qV,3.5,,,2024-01-16
2024-02-08,Spider-Man: Into the Spider-Verse,2018,https://boxd.it/5MDqzr,5,Yes,,2024-02-03
2024-02-09,Chronicle,2012,https://boxd.it/5N3rA3,3.5,,,2024-02-08
2024-02-12,Elemental,2023,https://boxd.it/5OqLHt,3.5,,,2024-02-10
2024-02-12,The Odd Life of Timothy Green,2012,https://boxd.it/5OHxa5,3,,,2024-02-11
2024-02-13,Palm Springs,2020,https://boxd.it/5P86oN,4,,,2024-02-12
2024-03-10,Killers of the Flower Moon,2023,https://boxd.it/60YgmZ,4.5,,,2024-02-18
2024-02-26,About Dry Grasses,2023,https://boxd.it/5UT1if,4.5,Yes,,2024-02-25
2024-03-02,Dune: Part Two,2024,https://boxd.it/5X6L6D,5,,,2024-03-01
2024-03-11,The Holdovers,2023,https://boxd.it/61AThv,4.5,,,2024-03-02
2024-03-04,Nimona,2023,https://boxd.it/5YdSVB,4,,,2024-03-03
2024-03-08,American Fiction,2023,https://boxd.it/5ZPIab,4,,,2024-03-06
2024-03-10,Maestro,2023,https://boxd.it/60NNFD,3,,,2024-03-08
2024-03-09,Past Lives,2023,https://boxd.it/60s3Dp,4.5,,,2024-03-09
2024-03-10,Anatomy of a Fall,2023,https://boxd.it/60Y7Ol,4.5,,,2024-03-09
2024-03-11,The Zone of Interest,2023,https://boxd.it/61AwbT,3.5,,,2024-03-10
2024-03-11,Poor Things,2023,https://boxd.it/61APhL,5,,,2024-03-10
2024-03-13,Tomorrow Is Today,2022,https://boxd.it/62lTIl,3,,,2024-03-11
2024-03-13,Countdown,2019,https://boxd.it/62maWz,1,,,2024-03-12
2024-03-15,Last Night in Soho,2021,https://boxd.it/638peX,3.5,,,2024-03-14
2024-03-19,The Night House,2020,https://boxd.it/65bPMv,3.5,,,2024-03-18
2024-03-20,"Good Bye, Lenin!",2003,https://boxd.it/65NBCR,4,,,2024-03-20
2024-03-22,Step Brothers,2008,https://boxd.it/66wRW9,3.5,,,2024-03-21
2024-03-22,One-Minute Time Machine,2014,https://boxd.it/66yujx,4,,,2024-03-22
2024-03-24,Stranger Than Fiction,2006,https://boxd.it/67cxin,4,,,2024-03-23
2024-03-26,Miracle Mile,1988,https://boxd.it/68pzhV,4,,,2024-03-25
2024-03-27,Time Renegades,2016,https://boxd.it/68Ty6R,4,,,2024-03-26
2024-03-27,Billy Madison,1995,https://boxd.it/695MEd,3.5,,,2024-03-27
2024-03-28,Circle,2015,https://boxd.it/697hPt,3,,,2024-03-27
2024-03-28,Dune: Part Two,2024,https://boxd.it/69fgv9,5,Yes,,2024-03-27
2024-03-29,Escape Room,2019,https://boxd.it/69CENx,2.5,,,2024-03-28
2024-03-29,Bulletproof,1996,https://boxd.it/69ROSd,2.5,,,2024-03-29
2024-03-30,Time Lapse,2014,https://boxd.it/6a12dV,3,,,2024-03-29
2024-03-31,The Wedding Singer,1998,https://boxd.it/6aB7wZ,4,,,2024-03-30
2024-04-01,50 First Dates,2004,https://boxd.it/6bs3Up,3.5,Yes,,2024-03-31
2024-04-13,Past Lives,2023,https://boxd.it/6gjirf,4.5,Yes,,2024-04-12
2024-04-26,Tremors,1990,https://boxd.it/6lvPXR,4,,,2024-04-25
2024-05-23,Dune: Part Two,2024,https://boxd.it/6wGUfB,5,Yes,,2024-05-17
2024-06-03,Cars,2006,https://boxd.it/6BkAJn,5,Yes,,2024-06-02
2024-06-03,Cars 2,2011,https://boxd.it/6BkDGB,3,Yes,,2024-06-02
2024-06-03,Cars 3,2017,https://boxd.it/6BkERP,3,Yes,,2024-06-02
2024-06-22,Don't. Get. Out!,2018,https://boxd.it/6IKU3V,,,,2024-06-20
2024-06-22,Spider-Man: Into the Spider-Verse,2018,https://boxd.it/6IKVuX,5,Yes,,2024-06-20
2024-06-22,Mortal World,2018,https://boxd.it/6IKZCV,3.5,Yes,,2024-06-22
2024-06-22,Small Town Killers,2017,https://boxd.it/6IMDSL,,,,2024-06-22
2024-06-25,The Brass Teapot,2012,https://boxd.it/6JZ4OJ,,,,2024-06-22
2024-08-27,Inside Out 2,2024,https://boxd.it/7bWQ2z,4.5,,,2024-06-22
2024-08-01,X-Men,2000,https://boxd.it/70fveJ,4,Yes,,2024-07-31
2024-08-10,At the Bar,2007,https://boxd.it/7486Wj,3,,,2024-08-09
2024-08-14,Carrie,1976,https://boxd.it/75WqCH,4,,,2024-08-14
2024-08-27,Sosyete Şaban,1985,https://boxd.it/7c3C59,2.5,,,2024-08-15
2024-08-20,Alien,1979,https://boxd.it/78BSCZ,5,Yes,,2024-08-19
2024-08-20,Jaws,1975,https://boxd.it/78MsRB,5,Yes,,2024-08-19
2024-08-24,Train to Busan,2016,https://boxd.it/7aynKb,4,,,2024-08-24
2024-09-04,mid90s,2018,https://boxd.it/7fyVgf,4,,,2024-09-03
2024-09-19,Manchester by the Sea,2016,https://boxd.it/7me0Df,5,Yes,,2024-09-16
2024-09-21,Twilight,2008,https://boxd.it/7n7tAT,3,Yes,,2024-09-20
2024-10-07,Memoir of a Snail,2024,https://boxd.it/7ueLbf,4,,,2024-10-04
2024-10-07,On Becoming a Guinea Fowl,2024,https://boxd.it/7ueOLF,,,,2024-10-04
2024-10-07,Grand Tour,2024,https://boxd.it/7ueQur,4,,,2024-10-05
2024-10-07,The Second Act,2024,https://boxd.it/7uf56f,3,,,2024-10-06
2024-10-09,Marcello Mio,2024,https://boxd.it/7vmpuT,2.5,,,2024-10-07
2024-10-09,A Different Man,2024,https://boxd.it/7vn015,4,,,2024-10-08
2024-10-10,And Their Children After Them,2024,https://boxd.it/7w7nnl,3.5,,,2024-10-09
2024-10-10,Hot Sweet Sour,2017,https://boxd.it/7w7y9T,1,,,2024-10-10
2025-05-21,Spider-Man,2002,https://boxd.it/9L4vvn,4.5,Yes,,2025-01-01
2025-05-21,Spider-Man 2,2004,https://boxd.it/9L4xsb,4.5,Yes,,2025-01-01
2025-05-21,Spider-Man 3,2007,https://boxd.it/9L4xGd,4,Yes,,2025-01-01
2025-01-05,The Princess Bride,1987,https://boxd.it/8jPQd9,4.5,,,2025-01-04
2025-01-09,Labyrinth,1986,https://boxd.it/8nDBDD,3.5,,,2025-01-08
2025-02-03,A Son of the Sun,2008,https://boxd.it/8HROUP,3.5,,,2025-02-02
2025-02-07,Five Cities,2009,https://boxd.it/8KJ4sB,3.5,,,2025-02-04
2025-02-10,The Extreme Tragic Story of Celal Tan and His Family,2011,https://boxd.it/8MvGrL,2.5,,,2025-02-06
2025-02-19,Meet the Robinsons,2007,https://boxd.it/8SKCm7,3.5,,,2025-02-18
2025-03-16,Reality+,2014,https://boxd.it/98tddf,3.5,,,2025-03-16
2025-04-07,Bruce Almighty,2003,https://boxd.it/9l5e69,4.5,Yes,,2025-04-05
2025-05-04,Locked on You,2018,https://boxd.it/9B3hK7,1.5,,,2025-05-04
2025-05-05,When We First Met,2018,https://boxd.it/9BH33D,3,Yes,,2025-05-04
2025-05-05,Star Wars,1977,https://boxd.it/9BH3Oz,4.5,Yes,,2025-05-04
2025-05-05,The Empire Strikes Back,1980,https://boxd.it/9BH49H,5,Yes,,2025-05-04
2025-05-12,Spider-Man,2002,https://boxd.it/9FVXXB,4.5,Yes,,2025-05-11
2025-05-21,The Butterfly's Dream,2013,https://boxd.it/9KGxGf,3.5,,,2025-05-18
2025-05-23,Spider-Man 2,2004,https://boxd.it/9M4UTX,5,Yes,,2025-05-22
2025-05-25,Spider-Man 2,2004,https://boxd.it/9N7kH7,5,Yes,,2025-05-24
2025-05-30,Karate Kid: Legends,2025,https://boxd.it/9QmpdD,3,,,2025-05-27
2025-06-03,The Truman Show,1998,https://boxd.it/9T1lNR,5,Yes,,2025-06-02
2025-06-07,The Karate Kid,1984,https://boxd.it/9VbMnz,4,,,2025-06-06
2025-06-13,John Wick,2014,https://boxd.it/9YZxrN,4,Yes,,2025-06-12
2025-06-16,La Jetée,1962,https://boxd.it/a1maCR,4,,,2025-06-13
2025-06-16,Nick and Norah's Infinite Playlist,2008,https://boxd.it/a1lYGn,4,,,2025-06-14
2025-06-16,Twelve Monkeys,1995,https://boxd.it/a1m45x,5,Yes,,2025-06-14
2025-06-17,Oregon,2023,https://boxd.it/a1Zy7V,1.5,,,2025-06-17
2025-06-20,The Terminator,1984,https://boxd.it/a3Md0r,5,Yes,,2025-06-19
2025-06-28,The Surfer,2024,https://boxd.it/a8yz7h,3.5,,,2025-06-20
2025-06-28,Just Like Heaven,2005,https://boxd.it/a8yFm3,3.5,,,2025-06-21
2025-06-28,Family Switch,2023,https://boxd.it/a8yQAP,2,,,2025-06-23
2025-06-26,Terminator 2: Judgment Day,1991,https://boxd.it/a7zOHn,5,Yes,,2025-06-25
2025-06-30,F1,2025,https://boxd.it/aae0Zr,4,,,2025-06-29
2025-07-07,28 Days Later,2002,https://boxd.it/aeYEBx,4.5,,,2025-07-04
2025-07-07,28 Weeks Later,2007,https://boxd.it/aeZqqH,4,Yes,,2025-07-04
2025-07-07,Doom,2005,https://boxd.it/aeZGpP,2.5,,,2025-07-05
2025-07-17,Superman,2025,https://boxd.it/amqHaX,4,,,2025-07-13
2025-07-17,The Wedding Singer,1998,https://boxd.it/amqItV,4,Yes,,2025-07-14
2025-07-22,Pulp Fiction,1994,https://boxd.it/aqraDZ,5,Yes,,2025-07-21
2025-07-25,I Am Legend,2007,https://boxd.it/asJ5DT,4,Yes,,2025-07-24
2025-07-29,National Theatre Live: Dr. Strangelove,2025,https://boxd.it/awDtlD,3.5,,,2025-07-28
2025-07-30,Miracle Mile,1988,https://boxd.it/axsUGP,4,Yes,,2025-07-29
2025-07-31,Together,2025,https://boxd.it/axSi4Z,4,,,2025-07-30
2025-08-01,La La Land,2016,https://boxd.it/ayugNJ,5,Yes,,2025-07-31
2025-08-04,The Naked Gun: From the Files of Police Squad!,1988,https://boxd.it/aB5OB5,4,Yes,,2025-08-03
2025-08-05,Little Fish,2020,https://boxd.it/aBW4l7,4,,,2025-08-04
2025-08-08,Cars,2006,https://boxd.it/aEoJhf,5,Yes,,2025-08-08
2025-08-10,Shrek 2,2004,https://boxd.it/aFFFJn,5,Yes,,2025-08-09
2025-08-14,Finding Nemo,2003,https://boxd.it/aJ5slr,4.5,Yes,,2025-08-14
2025-08-20,Back to the Future,1985,https://boxd.it/aNhaVV,5,Yes,,2025-08-19
2025-08-21,Dear Santa,2024,https://boxd.it/aOeOXb,1,,,2025-08-21
2025-08-22,Inglourious Basterds,2009,https://boxd.it/aOTwtJ,5,Yes,,2025-08-21
2025-08-27,Ace Ventura: Pet Detective,1994,https://boxd.it/aSvZHD,4,Yes,,2025-08-26
2025-08-29,Ace Ventura: When Nature Calls,1995,https://boxd.it/aTKmK3,4,Yes,,2025-08-28
2025-08-31,Katma Değer Şaban,1985,https://boxd.it/aUTgWf,2.5,Yes,,2025-08-31
2025-09-23,Hard Eight,1996,https://boxd.it/b9k4aj,4,,,2025-09-22
2025-09-24,Boogie Nights,1997,https://boxd.it/b9YrqJ,5,,,2025-09-23
2025-09-29,Magnolia,1999,https://boxd.it/bcAvXr,5,,,2025-09-28
2025-10-11,Punch-Drunk Love,2002,https://boxd.it/bkhk8r,4,,,2025-09-29
2025-10-11,There Will Be Blood,2007,https://boxd.it/bkhnhL,5,,,2025-09-30
2025-10-11,The Master,2012,https://boxd.it/bkhsXx,4.5,,,2025-10-01
2025-10-11,Inherent Vice,2014,https://boxd.it/bkhw1R,4,,,2025-10-02
2025-10-11,Phantom Thread,2017,https://boxd.it/bkhBrb,4.5,,,2025-10-03
2025-10-11,Licorice Pizza,2021,https://boxd.it/bkhDzB,4.5,,,2025-10-04
2025-10-06,One Battle After Another,2025,https://boxd.it/bhinHJ,5,,,2025-10-05
2025-10-10,"Saban, Son of Saban",1977,https://boxd.it/bjUQjb,4.5,Yes,,2025-10-10
2025-10-27,Lucky Numbers,2000,https://boxd.it/bv4F31,1,,,2025-10-24
2025-10-27,Supernova,2000,https://boxd.it/bv4YTv,1.5,,,2025-10-25
2025-10-27,Brother in Love,2019,https://boxd.it/bvdVXd,3,Yes,,2025-10-26
2026-03-11,Kolpaçino,2009,https://boxd.it/dtGA0Z,2,Yes,,2026-03-08
2026-07-28,Ice Age,2002,https://boxd.it/ftNCh9,3.5,Yes,,2026-07-01
2026-07-03,Head-On,2004,https://boxd.it/f2NmEN,5,,,2026-07-02
2026-07-28,Madagascar,2005,https://boxd.it/ftNRFZ,3.5,Yes,,2026-07-03
2026-07-28,Toy Story,1995,https://boxd.it/ftOJn1,5,Yes,,2026-07-11
2026-07-28,Toy Story 2,1999,https://boxd.it/ftOMvH,5,Yes,,2026-07-12
2026-07-28,Toy Story 3,2010,https://boxd.it/ftONmB,5,Yes,,2026-07-13
2026-07-28,Toy Story 4,2019,https://boxd.it/ftOOfL,5,,,2026-07-14
2026-07-17,Flow,2024,https://boxd.it/fgAhhJ,5,,,2026-07-15
2026-07-28,Toy Story 5,2026,https://boxd.it/ftOP6v,5,,,2026-07-15
2026-07-28,Troy,2004,https://boxd.it/ftO8Ht,3.5,Yes,,2026-07-18
2026-07-28,Hereditary,2018,https://boxd.it/ftPiXX,,,,2026-07-18
2026-07-25,The Odyssey,2026,https://boxd.it/fpxJil,5,,,2026-07-24
2026-08-01,Spider-Man: Brand New Day,2026,https://boxd.it/fyZfjF,4,,,2026-08-01
2026-08-06,La La Land,2016,https://boxd.it/fFtqUB,5,Yes,,2026-08-01
2026-08-06,Madagascar: Escape 2 Africa,2008,https://boxd.it/fFtxWT,3.5,Yes,,2026-08-05
2026-08-07,Kung Fu Panda,2008,https://boxd.it/fH8QXH,4,Yes,,2026-08-07
2026-08-21,Eraserhead,1977,https://boxd.it/fWlaSL,4,,,2026-08-07
2026-08-12,Mulholland Drive,2001,https://boxd.it/fMxykH,5,,,2026-08-11
2026-08-13,Kung Fu Panda 2,2011,https://boxd.it/fNHITB,4,Yes,,2026-08-12
2026-08-21,The End of Oak Street,2026,https://boxd.it/fWmj0Z,4,,,2026-08-20
2026-08-25,The Odyssey,2026,https://boxd.it/g0yzUJ,5,Yes,,2026-08-23
2026-08-30,Fantastic Mr. Fox,2009,https://boxd.it/g5yMVb,4.5,Yes,,2026-08-29
2026-08-30,Arrival,2016,https://boxd.it/g5yR8N,5,Yes,,2026-08-29
2026-09-04,The Wedding Singer,1998,https://boxd.it/gav2xL,4,Yes,,2026-09-02
2026-09-04,Madagascar 3: Europe's Most Wanted,2012,https://boxd.it/gav4Ht,3.5,Yes,,2026-09-03
