Date,Name,Year,Letterboxd URI,Rating
2019-01-22,Manchester by the Sea,2016,https://boxd.it/b2L0,5
2019-01-22,Blood Father,2016,https://boxd.it/9Wsu,3
2019-01-22,Last Knights,2015,https://boxd.it/9SYG,1.5
2019-01-22,Wreck-It Ralph,2012,https://boxd.it/2TTS,4
2019-01-22,The Darkest Minds,2018,https://boxd.it/fRBo,2
2019-01-22,Extinction,2018,https://boxd.it/fdzM,2
2019-01-22,Wildlife,2018,https://boxd.it/eKYe,3.5
2019-01-25,Ralph Breaks the Internet,2018,https://boxd.it/edAy,3.5
2019-01-25,Airplane!,1980,https://boxd.it/29yu,4
2019-01-25,Christmas with the Kranks,2004,https://boxd.it/1PEW,1
2019-01-26,I Am Number Four,2011,https://boxd.it/MXY,3
2019-01-26,Standing Up,2013,https://boxd.it/5txs,3.5
2019-01-26,The Girl Next Door,2004,https://boxd.it/1VSq,3
2019-01-26,Wild Hogs,2007,https://boxd.it/1Uok,2.5
2019-01-26,Disturbia,2007,https://boxd.it/20rk,3.5
2019-01-28,The Trace,2011,https://boxd.it/3Hm0,3
2019-01-28,Time Freak,2018,https://boxd.it/g77a,3
2019-01-30,Jumper,2008,https://boxd.it/20ss,2.5
2019-02-02,Roma,2018,https://boxd.it/f69M,4
2019-02-04,The Ballad of Buster Scruggs,2018,https://boxd.it/jB2q,3.5
2019-02-08,Flipped,2010,https://boxd.it/Tb8,3.5
2019-02-10,A Quiet Place,2018,https://boxd.it/fVJQ,4
2019-02-10,Halloween,2018,https://boxd.it/f0uE,3.5
2019-02-10,Raising Arizona,1987,https://boxd.it/2avQ,4
2019-02-12,Easy Rider,1969,https://boxd.it/29Ys,4
2019-02-12,Grown Ups,2010,https://boxd.it/169a,2.5
2019-02-14,Cold War,2018,https://boxd.it/fEoc,4
2019-02-16,Big Momma's House 2,2006,https://boxd.it/1TxA,1
2019-02-24,When Harry Met Sally...,1989,https://boxd.it/29W2,4
2019-02-27,Attack the Block,2011,https://boxd.it/hFO,3.5
2019-03-12,A.R.O.G,2008,https://boxd.it/1xGg,3.5
2019-03-12,Blind in Love,2017,https://boxd.it/h7zq,3
2019-03-19,Edge of Tomorrow,2014,https://boxd.it/4pD0,4
2019-03-19,V for Vendetta,2005,https://boxd.it/29Ik,4
2019-03-19,Birdman or (The Unexpected Virtue of Ignorance),2014,https://boxd.it/5RFA,4.5
2019-03-23,Nothing to Hide,2018,https://boxd.it/hxUa,3
2019-03-23,Black Mirror: Bandersnatch,2018,https://boxd.it/kTDG,3.5
2019-03-25,Mirage,2018,https://boxd.it/jeOm,4
2019-03-26,Midnight in Paris,2011,https://boxd.it/i4a,4
2019-03-27,The Imitation Game,2014,https://boxd.it/6aig,4
2019-03-28,Hotel Transylvania,2012,https://boxd.it/2DF6,3.5
2019-04-02,Flubber,1997,https://boxd.it/1YkQ,2
2019-04-03,G.O.R.A.,2004,https://boxd.it/1sau,3.5
2019-04-04,Arif V 216,2018,https://boxd.it/g48u,3.5
2019-04-16,Coming Soon,2014,https://boxd.it/9mzu,3.5
2019-04-17,Pet Sematary,2019,https://boxd.it/4W0q,3
2019-04-19,Rosemary's Baby,1968,https://boxd.it/29zM,4
2019-04-24,Everything's Gonna Be Great,1998,https://boxd.it/2R36,4
2019-04-24,Under Construction,2003,https://boxd.it/9lc,3.5
2019-04-28,Thor: The Dark World,2013,https://boxd.it/2DqA,1.5
2019-04-28,The Silence,2019,https://boxd.it/j9UE,2
2019-04-29,Captain America: The Winter Soldier,2014,https://boxd.it/3r58,4
2019-05-01,The Bank Job,2008,https://boxd.it/1ZL4,3.5
2019-05-01,The Mechanic,2011,https://boxd.it/1rtg,0.5
2019-05-01,Guardians of the Galaxy,2014,https://boxd.it/3VH2,4
2019-05-01,Avengers: Age of Ultron,2015,https://boxd.it/3qi6,2
2019-05-01,Toll Booth,2011,https://boxd.it/7RU,3.5
2019-05-02,Cars 3,2017,https://boxd.it/7IPq,3
2019-05-04,Bee Movie,2007,https://boxd.it/22Vw,3
2019-05-04,Chicken Little,2005,https://boxd.it/1Xnu,2.5
2019-05-04,Stuart Little,1999,https://boxd.it/1WZW,3
2019-05-04,Stuart Little 2,2002,https://boxd.it/1UTW,2.5
2019-05-04,Stuart Little 3: Call of the Wild,2005,https://boxd.it/1lO8,2
2019-05-04,The Smurfs,2011,https://boxd.it/Zcm,1.5
2019-05-04,Wallace & Gromit: The Curse of the Were-Rabbit,2005,https://boxd.it/2ac0,4
2019-05-04,Shark Tale,2004,https://boxd.it/1VYe,2
2019-05-04,Captain America: Civil War,2016,https://boxd.it/89Ja,3.5
2019-05-06,Doctor Strange,2016,https://boxd.it/8MH8,4
2019-05-07,Guardians of the Galaxy Vol. 2,2017,https://boxd.it/8MxC,3.5
2019-05-12,Ready Player One,2018,https://boxd.it/aZes,4
2019-05-12,Thor: Ragnarok,2017,https://boxd.it/8MHi,4
2019-05-12,Avengers: Infinity War,2018,https://boxd.it/9vEe,4
2019-05-18,The Fast and the Furious: Tokyo Drift,2006,https://boxd.it/1Yeo,1.5
2019-05-18,4N1K,2017,https://boxd.it/gq82,2
2019-05-18,Bana Bir Soygun Yaz,2012,https://boxd.it/5vPI,1
2019-06-01,The Wild Soccer Bunch 6,2016,https://boxd.it/cQYK,2
2019-06-01,See You Yesterday,2019,https://boxd.it/lqnm,3
2019-06-01,Rim of the World,2019,https://boxd.it/jk4k,2
2019-06-27,The Amazing Spider-Man,2012,https://boxd.it/27PI,3
2019-08-18,The Lion King,1994,https://boxd.it/201Q,4
2019-09-02,Dark Shadows,2012,https://boxd.it/bQ2,2.5
2019-09-03,Stealing Beauty,1996,https://boxd.it/1NRu,3
2019-09-05,Tag,2018,https://boxd.it/gh7Y,2
2019-09-05,Super 8,2011,https://boxd.it/dVI,3.5
2019-09-08,Good Will Hunting,1997,https://boxd.it/2ahY,4.5
2019-09-10,Scott Pilgrim vs. the World,2010,https://boxd.it/1Aq6,4
2019-09-11,Cléo from 5 to 7,1962,https://boxd.it/2agm,3.5
2019-09-13,Vox Lux,2018,https://boxd.it/fcFk,3.5
2019-09-13,Man Bites Dog,1992,https://boxd.it/1X7Q,3
2019-09-23,Dogtooth,2009,https://boxd.it/158K,5
2019-09-23,American History X,1998,https://boxd.it/2bdo,4.5
2019-09-23,Inglourious Basterds,2009,https://boxd.it/1JzG,5
2019-09-27,Shaft,2019,https://boxd.it/htPq,2.5
2019-09-27,It Chapter Two,2019,https://boxd.it/h10u,3
2019-10-02,Time to Love,1965,https://boxd.it/46cu,5
2019-10-02,Lolita,1962,https://boxd.it/29Ag,4
2019-10-04,Dry Summer,1963,https://boxd.it/jkI,5
2019-10-05,Funny Games,1997,https://boxd.it/1WKM,4.5
2019-10-07,Blade Runner,1982,https://boxd.it/2bcA,4.5
2019-10-14,Gemini Man,2019,https://boxd.it/gaUu,2
2019-10-17,Losers' Club,2011,https://boxd.it/gxE,3.5
2019-10-17,Don't Breathe,2016,https://boxd.it/9yzw,2.5
2019-10-17,Evil Dead,2013,https://boxd.it/3GPq,3.5
2019-10-17,Captain Fantastic,2016,https://boxd.it/b2K2,4
2019-10-18,"Oslo, August 31st",2011,https://boxd.it/2xQC,4.5
2019-10-20,Happy End,2017,https://boxd.it/dZ2C,2.5
2019-10-29,Se7en,1995,https://boxd.it/29zs,5
2019-10-29,Deerskin,2019,https://boxd.it/lqOW,3.5
2019-11-07,I Origins,2014,https://boxd.it/7aRM,3.5
2019-11-07,Barbara,2012,https://boxd.it/37XY,3.5
2019-11-07,Frank,2014,https://boxd.it/5hII,3.5
2019-11-14,The Perks of Being a Wallflower,2012,https://boxd.it/2ZA8,4
2019-11-15,Another Earth,2011,https://boxd.it/rRA,4
2019-11-17,Delicatessen,1991,https://boxd.it/29lK,4
2019-11-19,Hunt for the Wilderpeople,2016,https://boxd.it/cTgG,4
2019-11-22,Winter Sleep,2014,https://boxd.it/7Ua0,5
2019-11-28,Star Wars,1977,https://boxd.it/72s,4.5
2019-11-30,Zombieland,2009,https://boxd.it/1En6,4
2019-12-03,Parasite,2019,https://boxd.it/hTha,4.5
2019-12-09,Memories of Murder,2003,https://boxd.it/1TSo,4.5
2019-12-10,Marriage Story,2019,https://boxd.it/hJAw,4
2019-12-10,Look Who's Back,2015,https://boxd.it/akeQ,4
2019-12-12,The Host,2006,https://boxd.it/28ZY,2.5
2019-12-15,Ad Astra,2019,https://boxd.it/ePzI,3.5
2019-12-15,Adoration,2013,https://boxd.it/3JEU,2.5
2019-12-15,Pokémon Detective Pikachu,2019,https://boxd.it/fVA0,2
2019-12-21,Portrait of a Lady on Fire,2019,https://boxd.it/jkPq,4.5
2019-12-27,The Empire Strikes Back,1980,https://boxd.it/27Vw,5
2019-12-27,Return of the Jedi,1983,https://boxd.it/27Vm,4
2019-12-27,Star Wars: Episode I – The Phantom Menace,1999,https://boxd.it/27Vc,3.5
2019-12-27,Star Wars: Episode II – Attack of the Clones,2002,https://boxd.it/27V2,3
2019-12-27,Star Wars: Episode III – Revenge of the Sith,2005,https://boxd.it/27US,4
2020-02-10,Ford v Ferrari,2019,https://boxd.it/ce74,3.5
2020-04-09,Alien,1979,https://boxd.it/2awY,5
2020-04-09,Aliens,1986,https://boxd.it/29PA,4
2020-04-12,Predator,1987,https://boxd.it/2b84,4.5
2020-04-15,Joker,2019,https://boxd.it/h4cS,4
2020-04-15,Jojo Rabbit,2019,https://boxd.it/iEBG,4.5
2020-04-21,To Die For,2018,https://boxd.it/iKL8,0.5
2020-04-21,Recep Ivedik 6,2019,https://boxd.it/nahm,0.5
2020-04-21,Fırıncının Karısı,2019,https://boxd.it/nxmu,0.5
2020-04-22,Rocky V,1990,https://boxd.it/28SS,2.5
2020-04-22,Knight and Day,2010,https://boxd.it/17po,3
2020-04-22,(500) Days of Summer,2009,https://boxd.it/1EmM,4
2020-04-22,Hachi: A Dog's Tale,2009,https://boxd.it/1q4a,4
2020-04-22,Defiance,2008,https://boxd.it/1Pme,3.5
2020-04-22,The Bodyguard,1992,https://boxd.it/29Z6,2.5
2020-04-22,The Legend of Hercules,2014,https://boxd.it/5HlA,1
2020-04-22,Home Alone 2: Lost in New York,1992,https://boxd.it/29F6,3.5
2020-04-22,Lethal Weapon 3,1992,https://boxd.it/29dG,3.5
2020-04-22,Up,2009,https://boxd.it/1OEc,4
2020-04-22,For Love and Honor,2007,https://boxd.it/1qAA,3
2020-04-22,The Wild Soccer Bunch 5,2008,https://boxd.it/AZe,2.5
2020-04-22,White Angel,2007,https://boxd.it/1qBy,1
2020-04-22,Boyhood,2014,https://boxd.it/3178,3.5
2020-04-22,Groundhog Day,1993,https://boxd.it/2b3e,4.5
2020-04-22,Mrs. Doubtfire,1993,https://boxd.it/29Cw,3
2020-04-22,The Nightmare Before Christmas,1993,https://boxd.it/1YzQ,3.5
2020-04-22,Ice Age: Dawn of the Dinosaurs,2009,https://boxd.it/20iC,3.5
2020-04-22,"The Adventures of Priscilla, Queen of the Desert",1994,https://boxd.it/26mg,4
2020-04-22,Adventureland,2009,https://boxd.it/1JTQ,3.5
2020-04-22,Kutsal Damacana,2007,https://boxd.it/wTw,0.5
2020-04-22,Legends of the Fall,1994,https://boxd.it/24ho,3.5
2020-04-22,The Mask,1994,https://boxd.it/29rS,4
2020-04-22,The Lost Treasure of the Knights Templar III: The Mystery of the Snake Crown,2008,https://boxd.it/1KWQ,3.5
2020-04-22,The Shawshank Redemption,1994,https://boxd.it/2aHi,4.5
2020-04-22,The Hangover,2009,https://boxd.it/1GjK,4
2020-04-22,Blue Valentine,2010,https://boxd.it/MxG,4
2020-04-22,The Basketball Diaries,1995,https://boxd.it/1WaO,3.5
2020-04-22,Before Sunrise,1995,https://boxd.it/2bcU,4
2020-04-22,Braveheart,1995,https://boxd.it/2aTI,4.5
2020-04-22,Die Hard With a Vengeance,1995,https://boxd.it/28zG,4
2020-04-22,Jumanji,1995,https://boxd.it/1ZLI,3.5
2020-04-22,The Final Destination,2009,https://boxd.it/1EmW,2
2020-04-22,Breaking the Waves,1996,https://boxd.it/2b1W,4
2020-04-22,A Summer's Tale,1996,https://boxd.it/183e,4
2020-04-22,Daylight,1996,https://boxd.it/1UjE,2.5
2020-04-22,The Bandit,1996,https://boxd.it/1sVq,4.5
2020-04-22,The Hobbit: The Desolation of Smaug,2013,https://boxd.it/nmS,4
2020-04-22,Space Jam,1996,https://boxd.it/26YO,3
2020-04-22,Moon,2009,https://boxd.it/1IGQ,4
2020-04-22,The Masked Gang: Cyprus,2008,https://boxd.it/5S9A,0.5
2020-04-22,2012,2009,https://boxd.it/1OE2,3
2020-04-22,Home Alone 3,1997,https://boxd.it/1XZ4,1.5
2020-04-22,Recep Ivedik,2008,https://boxd.it/1jX8,0.5
2020-04-22,Diary of a Wimpy Kid,2010,https://boxd.it/1fUa,3
2020-04-22,Charlie Countryman,2013,https://boxd.it/YYE,1.5
2020-04-22,MouseHunt,1997,https://boxd.it/21PM,3.5
2020-04-22,Harry Potter and the Deathly Hallows: Part 2,2011,https://boxd.it/1RYk,3.5
2020-04-22,Titanic,1997,https://boxd.it/2a2k,4
2020-04-22,Chicken Run,2000,https://boxd.it/20Xg,3.5
2020-04-22,The Lord of the Rings: The Fellowship of the Ring,2001,https://boxd.it/2b5O,4.5
2020-04-22,Seeking Justice,2011,https://boxd.it/2yq6,2.5
2020-04-22,Cars 2,2011,https://boxd.it/H4Y,3
2020-04-22,Limitless,2011,https://boxd.it/Aly,3.5
2020-04-22,Lethal Weapon 4,1998,https://boxd.it/29dw,3.5
2020-04-22,Small Soldiers,1998,https://boxd.it/1TzQ,3
2020-04-22,Iron Man 2,2010,https://boxd.it/1WZM,3
2020-04-22,Hot Tub Time Machine,2010,https://boxd.it/1zIS,3
2020-04-22,21 Jump Street,2012,https://boxd.it/J0,3.5
2020-04-22,Aloha,2015,https://boxd.it/6BQk,1
2020-04-22,This Is the End,2013,https://boxd.it/3GB4,3.5
2020-04-22,300: Rise of an Empire,2014,https://boxd.it/xaC,3
2020-04-22,The Twilight Saga: New Moon,2009,https://boxd.it/1Hj2,2.5
2020-04-22,Shrek,2001,https://boxd.it/29zi,4
2020-04-22,Madagascar 3: Europe's Most Wanted,2012,https://boxd.it/2NF6,3.5
2020-04-22,Bad Teacher,2011,https://boxd.it/yXA,3
2020-04-22,Destere,2008,https://boxd.it/zL6,0.5
2020-04-22,Muro: Nalet Olsun İçimdeki İnsan Sevgisine,2008,https://boxd.it/zJE,0.5
2020-04-22,Cats & Dogs: The Revenge of Kitty Galore,2010,https://boxd.it/13l8,1.5
2020-04-22,Iron Man 3,2013,https://boxd.it/2cBQ,3.5
2020-04-22,Yogi Bear,2010,https://boxd.it/Zcc,2.5
2020-04-22,Dino Time,2012,https://boxd.it/4p9k,2.5
2020-04-22,Despicable Me,2010,https://boxd.it/1DD8,3.5
2020-04-22,The Matrix,1999,https://boxd.it/2a1m,5
2020-04-22,I Saw the Sun,2009,https://boxd.it/1qzC,1.5
2020-04-22,Recep Ivedik 2,2009,https://boxd.it/1jWY,0.5
2020-04-22,Fight Club,1999,https://boxd.it/2a9q,5
2020-04-22,Inception,2010,https://boxd.it/1skk,5
2020-04-22,The Hunger Games,2012,https://boxd.it/2uds,3.5
2020-04-22,Mad Max: Fury Road,2015,https://boxd.it/2DjO,4.5
2020-04-22,Marmaduke,2010,https://boxd.it/15GW,2
2020-04-22,Prisoners,2013,https://boxd.it/4E5i,4
2020-04-22,Mr. Popper's Penguins,2011,https://boxd.it/kRS,2
2020-04-22,It,2017,https://boxd.it/bC8e,3.5
2020-04-22,Paradise: Love,2012,https://boxd.it/3wTW,4
2020-04-22,Thicker Than Water: The Vampire Diaries Part 1,2008,https://boxd.it/ilII,3
2020-04-22,The Hangover Part II,2011,https://boxd.it/PZI,3
2020-04-22,Hop,2011,https://boxd.it/DQa,2.5
2020-04-22,The Pirates! In an Adventure with Scientists!,2012,https://boxd.it/2p1w,3.5
2020-04-22,Deadpool,2016,https://boxd.it/9fOC,4
2020-04-22,Hadigari Cumhur,2009,https://boxd.it/buX4,1
2020-04-22,The Small Town,1997,https://boxd.it/zO0,4
2020-04-22,Battleship,2012,https://boxd.it/QZ0,1
2020-04-22,Rise of the Guardians,2012,https://boxd.it/2PXw,3.5
2020-04-22,Prometheus,2012,https://boxd.it/2s9e,3.5
2020-04-22,Monsters University,2013,https://boxd.it/bQm,3.5
2020-04-22,The Help,2011,https://boxd.it/EDm,4
2020-04-22,Gravity,2013,https://boxd.it/GZY,4
2020-04-22,The Conjuring,2013,https://boxd.it/4sr2,3.5
2020-04-22,Oblivion,2013,https://boxd.it/2Bzq,3
2020-04-22,Central Intelligence,2016,https://boxd.it/9DFE,3
2020-04-22,Sherlock Holmes: A Game of Shadows,2011,https://boxd.it/k3S,3.5
2020-04-22,Jolly Life,2009,https://boxd.it/ypI,3.5
2020-04-22,Vacation,2015,https://boxd.it/9n9M,2
2020-04-22,Smitty,2012,https://boxd.it/3m6A,3
2020-04-22,Elysium,2013,https://boxd.it/2cBm,3.5
2020-04-22,The Search for Santa Paws,2010,https://boxd.it/Hui,3
2020-04-22,Following,1998,https://boxd.it/1Tj4,4
2020-04-22,Gelecekten Bir Gün,2010,https://boxd.it/zSQ,1
2020-04-22,Teen Wolf,1985,https://boxd.it/1T0c,3
2020-04-22,Yahşi Batı,2009,https://boxd.it/1kMK,2
2020-04-22,War Horse,2011,https://boxd.it/nf8,3
2020-04-22,I Stand Alone,1998,https://boxd.it/28Au,4
2020-04-22,Island: Wedding of the Zombies,2010,https://boxd.it/zQU,3
2020-04-22,Kutsal Damacana 2: İtmen,2010,https://boxd.it/zFW,0.5
2020-04-22,Recep Ivedik 3,2010,https://boxd.it/1gnQ,0.5
2020-04-22,Catfish,2010,https://boxd.it/Xfy,3.5
2020-04-22,Maleficent,2014,https://boxd.it/3v1u,3
2020-04-22,Insidious,2010,https://boxd.it/H4k,3.5
2020-04-22,Eyyvah Eyvah,2010,https://boxd.it/HGo,2
2020-04-22,The Woman in Black,2012,https://boxd.it/4wu,3.5
2020-04-22,Jupiter Ascending,2015,https://boxd.it/2Evm,3
2020-04-22,The Last Witch Hunter,2015,https://boxd.it/8lBW,2.5
2020-04-22,Final Destination 5,2011,https://boxd.it/r1k,2.5
2020-04-22,Friends with Benefits,2011,https://boxd.it/DoK,3
2020-04-22,In Time,2011,https://boxd.it/FPS,3
2020-04-22,Ted,2012,https://boxd.it/2pgc,3.5
2020-04-22,Çok Filim Hareketler Bunlar,2010,https://boxd.it/Mta,0.5
2020-04-22,The Dictator,2012,https://boxd.it/2DEW,3.5
2020-04-22,Diary of a Wimpy Kid: Rodrick Rules,2011,https://boxd.it/gm2,2.5
2020-04-22,After Life,1998,https://boxd.it/1HMI,3.5
2020-04-22,16-love,2012,https://boxd.it/2TJS,3
2020-04-22,Ice Age: Continental Drift,2012,https://boxd.it/lQ2,3
2020-04-22,Now You See Me,2013,https://boxd.it/2Bsu,3
2020-04-22,Detachment,2011,https://boxd.it/2BiY,3.5
2020-04-22,The Turks Must Be Crazy,2009,https://boxd.it/181i,0.5
2020-04-22,Sausage Party,2016,https://boxd.it/6CCe,4
2020-04-22,StreetDance 2,2012,https://boxd.it/313q,2
2020-04-22,Bana Bir Şeyhler Oluyor,2003,https://boxd.it/2WbE,4
2020-04-22,Gladiator,2000,https://boxd.it/2b9m,4.5
2020-04-22,The Way Way Back,2013,https://boxd.it/4Gwq,3.5
2020-04-22,Bekas,2012,https://boxd.it/6Ejo,3
2020-04-22,Moonrise Kingdom,2012,https://boxd.it/2Wng,4
2020-04-22,Scary Movie,2000,https://boxd.it/24CG,3
2020-04-22,Kutsal Damacana: Dracoola,2011,https://boxd.it/91w,0.5
2020-04-22,Sleeping Princess,2010,https://boxd.it/DGu,1.5
2020-04-22,Vay Arkadaş,2010,https://boxd.it/BPa,3.5
2020-04-22,No Escape,2015,https://boxd.it/5NAw,3
2020-04-22,Conquest 1453,2012,https://boxd.it/39Oa,1
2020-04-22,Valley of the Wolves: Palestine,2011,https://boxd.it/jVk,0.5
2020-04-22,The Maze Runner,2014,https://boxd.it/5YPM,3.5
2020-04-22,Struck by Lightning,2012,https://boxd.it/35Hu,3
2020-04-22,Cool Kids Don't Cry,2012,https://boxd.it/3RqQ,3.5
2020-04-22,Eyyvah Eyvah 2,2011,https://boxd.it/wPY,2
2020-04-22,Love Likes Coincidences,2011,https://boxd.it/nVe,2.5
2020-04-22,Oliver's Ghost,2011,https://boxd.it/6snI,2.5
2020-04-22,Chappie,2015,https://boxd.it/5Y3e,3
2020-04-22,Once Upon a Time in Anatolia,2011,https://boxd.it/2yHG,5
2020-04-22,Ruby Sparks,2012,https://boxd.it/3w9O,3.5
2020-04-22,Divergent,2014,https://boxd.it/4VT0,3
2020-04-22,Percy Jackson: Sea of Monsters,2013,https://boxd.it/2D8m,2
2020-04-22,Last Passenger,2013,https://boxd.it/3y2q,3
2020-04-22,X-Men: Days of Future Past,2014,https://boxd.it/4aRw,4.5
2020-04-22,Ecotopia,2011,https://boxd.it/3GfM,2.5
2020-04-22,The Last Days,2013,https://boxd.it/5cDe,3
2020-04-22,Now Is Good,2012,https://boxd.it/3bFE,3.5
2020-04-22,Gladiators of Rome,2012,https://boxd.it/4qns,3
2020-04-22,The Hunger Games: Catching Fire,2013,https://boxd.it/3sAw,3.5
2020-04-22,The Hunger Games: Mockingjay – Part 1,2014,https://boxd.it/4hka,3.5
2020-04-22,Final Destination,2000,https://boxd.it/1YrC,3.5
2020-04-22,Westwind,2011,https://boxd.it/2HNI,3.5
2020-04-22,"Monsters, Inc.",2001,https://boxd.it/2a46,4
2020-04-22,The Outsider,2018,https://boxd.it/6190,2.5
2020-04-22,Diary of a Wimpy Kid: Dog Days,2012,https://boxd.it/2TG0,3
2020-04-22,Mama,2013,https://boxd.it/4i9s,3
2020-04-22,The Man from the Future,2011,https://boxd.it/2vkO,3.5
2020-04-22,Thunderstruck,2012,https://boxd.it/3YaA,2
2020-04-22,Sümela'nın Şifresi: Temel,2011,https://boxd.it/35SM,0.5
2020-04-22,Big Momma's House,2000,https://boxd.it/1YgO,1
2020-04-22,Memento,2000,https://boxd.it/2bcK,5
2020-04-22,Inside Out,2015,https://boxd.it/4KHC,4.5
2020-04-22,Spectral,2016,https://boxd.it/ayYI,2.5
2020-04-22,Ginger & Rosa,2012,https://boxd.it/41Ig,3.5
2020-04-22,Pearl Harbor,2001,https://boxd.it/29Q4,3
2020-04-22,Sen Kimsin?,2012,https://boxd.it/3HlQ,1
2020-04-22,My Grandfather's People,2011,https://boxd.it/2Rig,3.5
2020-04-22,City Lights,1931,https://boxd.it/29ki,5
2020-04-22,The Purge,2013,https://boxd.it/4Xg0,2.5
2020-04-22,About Time,2013,https://boxd.it/43bI,3.5
2020-04-22,The Tigger Movie,2000,https://boxd.it/1LO4,3.5
2020-04-22,Before Midnight,2013,https://boxd.it/4ive,4
2020-04-22,The Bag Man,2014,https://boxd.it/77dY,1.5
2020-04-22,Insidious: Chapter 2,2013,https://boxd.it/3dqc,3
2020-04-22,Big Hero 6,2014,https://boxd.it/5rje,4
2020-04-22,You're My Home,2012,https://boxd.it/4xfq,1.5
2020-04-22,22 Jump Street,2014,https://boxd.it/5Fvy,3.5
2020-04-22,The Hobbit: The Battle of the Five Armies,2014,https://boxd.it/43aU,3
2020-04-22,Crisis,1946,https://boxd.it/1kGs,2
2020-04-22,Fifty Shades of Grey,2015,https://boxd.it/6qLo,2
2020-04-22,The Fast and the Furious,2001,https://boxd.it/1XMu,3
2020-04-22,The Woman in Black 2: Angel of Death,2014,https://boxd.it/8Yww,2
2020-04-22,The Matrix Reloaded,2003,https://boxd.it/2a1c,4
2020-04-22,All Good,2012,https://boxd.it/4v6m,2.5
2020-04-22,Short Term 12,2013,https://boxd.it/5f6s,4
2020-04-22,Camp,2013,https://boxd.it/5vL2,3.5
2020-04-22,Spectre,2015,https://boxd.it/6bXY,3.5
2020-04-22,Coco,2017,https://boxd.it/bYJQ,4
2020-04-22,Oculus,2013,https://boxd.it/4W9M,2.5
2020-04-22,Howl,2015,https://boxd.it/9BiS,2.5
2020-04-22,Predestination,2014,https://boxd.it/6bJM,4
2020-04-22,Ocean's Eleven,2001,https://boxd.it/2aZm,4
2020-04-22,Harry Potter and the Philosopher's Stone,2001,https://boxd.it/29QS,3.5
2020-04-22,Project Almanac,2015,https://boxd.it/6IP4,3
2020-04-22,Donnie Darko,2001,https://boxd.it/2b2A,4
2020-04-22,Star Wars: The Force Awakens,2015,https://boxd.it/4vru,4
2020-04-22,King of The Guards,1979,https://boxd.it/2P0O,3
2020-04-22,Davaro,1981,https://boxd.it/1iIG,3.5
2020-04-22,Doktor Civanım,1983,https://boxd.it/chJU,3
2020-04-22,Dokunmayın Şabanıma,1979,https://boxd.it/5L2s,3
2020-04-22,The Chaos Class Is on Vacation,1977,https://boxd.it/1jby,4
2020-04-22,Star Wars: The Last Jedi,2017,https://boxd.it/5xme,3.5
2020-04-22,İnek Şaban,1979,https://boxd.it/4HZI,3
2020-04-22,"Saban, Son of Saban",1977,https://boxd.it/1iRe,4.5
2020-04-22,Sakar Şakir,1977,https://boxd.it/3KHK,2
2020-04-22,100 Numaralı Adam,1978,https://boxd.it/zny,3.5
2020-04-22,Arrival,2016,https://boxd.it/aNGk,5
2020-04-22,Dance with the Jackals 2,2012,https://boxd.it/5GZ0,1
2020-04-22,Whiplash,2014,https://boxd.it/7bQA,4.5
2020-04-22,The Fault in Our Stars,2014,https://boxd.it/6BQa,3.5
2020-04-22,Believe,2014,https://boxd.it/icJW,3
2020-04-22,Celal and Ceren,2013,https://boxd.it/52Tm,0.5
2020-04-22,Government Woman,2013,https://boxd.it/5hba,1
2020-04-22,The Royal Tenenbaums,2001,https://boxd.it/1YHU,4
2020-04-22,Scooby-Doo,2002,https://boxd.it/1YaQ,1.5
2020-04-22,A Beautiful Mind,2001,https://boxd.it/2amk,4
2020-04-22,Vizontele,2001,https://boxd.it/lC0,4
2020-04-22,Game Night,2018,https://boxd.it/fRtu,3.5
2020-04-22,Fury,2014,https://boxd.it/6JwC,3.5
2020-04-22,I Am Sam,2001,https://boxd.it/1V04,3.5
2020-04-22,Insomnia,2002,https://boxd.it/2aB0,4
2020-04-22,The Interview,2014,https://boxd.it/6KQ4,3
2020-04-22,Furious 7,2015,https://boxd.it/5cVs,3.5
2020-04-22,Shaolin Soccer,2001,https://boxd.it/1T86,4
2020-04-22,Lucy,2014,https://boxd.it/75hu,3
2020-04-22,Ghost Ship,2002,https://boxd.it/1Y9y,2.5
2020-04-22,The Butterfly Effect,2004,https://boxd.it/27M0,3.5
2020-04-22,The Chaos Class Is Fretting Over,1979,https://boxd.it/2WhM,2.5
2020-04-22,Thou Gild'st the Even,2013,https://boxd.it/5POK,4.5
2020-04-22,Irreversible,2002,https://boxd.it/29as,3.5
2020-04-22,Insurgent,2015,https://boxd.it/7NNa,3
2020-04-22,Zootopia,2016,https://boxd.it/84xS,4
2020-04-22,Harry Potter and the Chamber of Secrets,2002,https://boxd.it/29QI,3.5
2020-04-22,The Purge: Anarchy,2014,https://boxd.it/71zk,3
2020-04-22,The Theory of Everything,2014,https://boxd.it/7YtA,3.5
2020-04-22,The Ring,2002,https://boxd.it/2a70,3.5
2020-04-22,Tangerines,2013,https://boxd.it/71vM,4
2020-04-22,Pete's Christmas,2013,https://boxd.it/70c0,3
2020-04-22,Harry Potter and the Prisoner of Azkaban,2004,https://boxd.it/29Qy,4
2020-04-22,Kristin's Christmas Past,2013,https://boxd.it/72NC,3
2020-04-22,Creed,2015,https://boxd.it/a2qk,4
2020-04-22,The Invisible Boy,2014,https://boxd.it/9FPc,3
2020-04-22,Final Destination 2,2003,https://boxd.it/1YSS,2.5
2020-04-22,Ruby & Quentin,2003,https://boxd.it/216M,3
2020-04-22,The Cat in the Hat,2003,https://boxd.it/1VSU,2
2020-04-22,Diplomacy,2014,https://boxd.it/7qS2,4
2020-04-22,Peter Pan,2003,https://boxd.it/1VQY,3.5
2020-04-22,City of God,2002,https://boxd.it/2a2a,4.5
2020-04-22,Daddy Day Care,2003,https://boxd.it/1VAw,3
2020-04-22,The Incredibles,2004,https://boxd.it/1XLm,4
2020-04-22,The Day After Tomorrow,2004,https://boxd.it/2aog,3
2020-04-22,2 Fast 2 Furious,2003,https://boxd.it/2a4g,2.5
2020-04-22,Home Alone 4,2002,https://boxd.it/1RLA,0.5
2020-04-22,Harry Potter and the Goblet of Fire,2005,https://boxd.it/29Qo,4
2020-04-22,Scooby-Doo 2: Monsters Unleashed,2004,https://boxd.it/1UPA,1
2020-04-22,Troy,2004,https://boxd.it/29TW,3.5
2020-04-22,Wedding Association,2013,https://boxd.it/7ezC,1.5
2020-04-22,Live Free or Die Hard,2007,https://boxd.it/28zQ,3.5
2020-04-22,What We Do in the Shadows,2014,https://boxd.it/7eQy,4
2020-04-22,50 First Dates,2004,https://boxd.it/285c,3.5
2020-04-22,Time Machine 1973,2014,https://boxd.it/bNji,1.5
2020-04-22,Recep Ivedik 4,2014,https://boxd.it/7Baq,0.5
2020-04-22,Eyyvah Eyvah 3,2014,https://boxd.it/7Vag,1
2020-04-22,The Walk,2015,https://boxd.it/8Rao,3.5
2020-04-22,Housebound,2014,https://boxd.it/7qOk,3.5
2020-04-22,Madagascar,2005,https://boxd.it/29dc,3.5
2020-04-22,Boy 7,2015,https://boxd.it/bCSw,1.5
2020-04-22,Garfield,2004,https://boxd.it/1ZAA,2.5
2020-04-22,Robots,2005,https://boxd.it/1Xve,3.5
2020-04-22,Incredibles 2,2018,https://boxd.it/7IPg,4
2020-04-22,"The Chronicles of Narnia: The Lion, the Witch and the Wardrobe",2005,https://boxd.it/2ark,3.5
2020-04-22,The Martian,2015,https://boxd.it/8SeG,4
2020-04-22,Charlie and the Chocolate Factory,2005,https://boxd.it/2b68,3.5
2020-04-22,Indiana Jones and the Kingdom of the Crystal Skull,2008,https://boxd.it/2aR8,3
2020-04-22,Harry Potter and the Order of the Phoenix,2007,https://boxd.it/29Qe,4
2020-04-22,The Wild Soccer Bunch,2003,https://boxd.it/1VtA,2.5
2020-04-22,The Brand New Testament,2015,https://boxd.it/aPMO,4
2020-04-22,Before Sunset,2004,https://boxd.it/2bcg,4.5
2020-04-22,The Pink Panther,2006,https://boxd.it/1Sys,2
2020-04-22,Motocross Kids,2004,https://boxd.it/cI4,2.5
2020-04-22,The Boss Baby,2017,https://boxd.it/9mfO,3
2020-04-22,Muhammad: The Messenger of God,2015,https://boxd.it/abCa,3.5
2020-04-22,The Pacifier,2005,https://boxd.it/1Xhm,2.5
2020-04-22,Bridge to Terabithia,2007,https://boxd.it/28YG,4
2020-04-22,Deliha,2014,https://boxd.it/9Wo8,1.5
2020-04-22,Wacky Class Welcome,2004,https://boxd.it/1heA,0.5
2020-04-22,Maze Runner: The Scorch Trials,2015,https://boxd.it/9hwA,3
2020-04-22,Zathura: A Space Adventure,2005,https://boxd.it/21mq,3
2020-04-22,War of the Worlds,2005,https://boxd.it/2bde,3.5
2020-04-22,Poseidon,2006,https://boxd.it/2afI,3
2020-04-22,Evan Almighty,2007,https://boxd.it/26s4,2.5
2020-04-22,Final Destination 3,2006,https://boxd.it/1Z40,2.5
2020-04-22,300,2006,https://boxd.it/28XI,3.5
2020-04-22,Harry Potter and the Half-Blood Prince,2009,https://boxd.it/29FU,3.5
2020-04-22,Transformers,2007,https://boxd.it/280c,3
2020-04-22,The Wild Soccer Bunch 2,2005,https://boxd.it/20ko,2.5
2020-04-22,Adam's Apples,2005,https://boxd.it/297e,3
2020-04-22,Expelled,2014,https://boxd.it/9LKC,3
2020-04-22,Lemonade,2015,https://boxd.it/b0vO,3
2020-04-22,The Curious Case of Benjamin Button,2008,https://boxd.it/23Fk,4
2020-04-22,Flushed Away,2006,https://boxd.it/1Tpm,3.5
2020-04-22,Alpha,2018,https://boxd.it/dZUE,3
2020-04-22,Pardon,2005,https://boxd.it/1j8,4
2020-04-22,The Chaos Class in the Military,2005,https://boxd.it/1hhE,0.5
2020-04-22,The Ant Bully,2006,https://boxd.it/1XyM,3
2020-04-22,Yusuf Yusuf,2014,https://boxd.it/b2Te,2
2020-04-22,The Giver,2014,https://boxd.it/6HWo,3
2020-04-22,Toy Story 3,2010,https://boxd.it/1WRe,5
2020-04-22,Ice Age: The Meltdown,2006,https://boxd.it/2wRk,3
2020-04-22,Neighbors 2: Sorority Rising,2016,https://boxd.it/aA80,2.5
2020-04-22,Little Miss Sunshine,2006,https://boxd.it/29EW,4
2020-04-22,Lady in the Water,2006,https://boxd.it/1Y1E,2.5
2020-04-22,The Hills Have Eyes,2006,https://boxd.it/1XNC,3.5
2020-04-22,Life of Pi,2012,https://boxd.it/37pC,4
2020-04-22,Prison Break,1938,https://boxd.it/78c8,3
2020-04-22,Garfield: A Tail of Two Kitties,2006,https://boxd.it/1YuG,3
2020-04-22,Darkest Hour,2017,https://boxd.it/dZZa,3.5
2020-04-22,Mile 22,2018,https://boxd.it/bEwM,2
2020-04-22,Our Family,1975,https://boxd.it/6x2q,3.5
2020-04-22,Christopher Robin,2018,https://boxd.it/eSj4,3.5
2020-04-22,Fear and Desire,1952,https://boxd.it/1WVq,3
2020-04-22,Captain America: The First Avenger,2011,https://boxd.it/28b0,3
2020-04-22,The Wind That Shakes the Barley,2006,https://boxd.it/293Q,4
2020-04-22,Storks,2016,https://boxd.it/aUo8,3
2020-04-22,Rambo,2008,https://boxd.it/20Pc,3.5
2020-04-22,28 Weeks Later,2007,https://boxd.it/28Bi,4
2020-04-22,OtherLife,2017,https://boxd.it/ewqM,3
2020-04-22,Ali Baba and the 7 Dwarfs,2015,https://boxd.it/cHJ2,1.5
2020-04-22,War Machine,2017,https://boxd.it/bX6S,3
2020-04-22,My Father and My Son,2005,https://boxd.it/1QgQ,4
2020-04-22,Rocky Balboa,2006,https://boxd.it/291q,3.5
2020-04-22,Nocturama,2016,https://boxd.it/dfdk,3.5
2020-04-22,Madagascar: Escape 2 Africa,2008,https://boxd.it/1W2K,3.5
2020-04-22,The Cloud,2006,https://boxd.it/20Vk,3.5
2020-04-22,The Croods,2013,https://boxd.it/FRE,3.5
2020-04-22,Killer's Kiss,1955,https://boxd.it/1Xcc,3.5
2020-04-22,"Percy, Buffalo Bill and I",2005,https://boxd.it/3yBA,3
2020-04-22,Killing the Shadows,2006,https://boxd.it/EyG,3.5
2020-04-22,Fred Claus,2007,https://boxd.it/236O,3
2020-04-22,The Masked Gang,2005,https://boxd.it/3H1m,0.5
2020-04-22,The Lost Treasure of the Knights Templar,2006,https://boxd.it/1KXa,3
2020-04-22,The Chaos Class: Bye Bye,1981,https://boxd.it/2WhC,2.5
2020-04-22,Mission: Impossible – Fallout,2018,https://boxd.it/bSVc,4
2020-04-22,The Killing,1956,https://boxd.it/2aMi,4
2020-04-22,"The Class of Chaos 3,5",2006,https://boxd.it/1hhY,0.5
2020-04-22,12 Angry Men,1957,https://boxd.it/2auI,5
2020-04-22,"Three Billboards Outside Ebbing, Missouri",2017,https://boxd.it/ceBS,4
2020-04-22,Get Out,2017,https://boxd.it/eOCm,3.5
2020-04-22,A Unique Life,2015,https://boxd.it/cZkE,1.5
2020-04-22,Wedding Association 2: Circumcision,2015,https://boxd.it/cSjE,1
2020-04-22,Bonjour Tristesse,1958,https://boxd.it/27OK,4
2020-04-22,Backstabbing for Beginners,2018,https://boxd.it/h7dk,2.5
2020-04-22,Man of the West,1958,https://boxd.it/1NBm,4
2020-04-22,Your Name.,2016,https://boxd.it/cUqs,3.5
2020-04-22,Osman Pazarlama,2016,https://boxd.it/dtvi,0.5
2020-04-22,Deadpool 2,2018,https://boxd.it/dlLM,3.5
2020-04-22,The Shape of Water,2017,https://boxd.it/dZ5m,3
2020-04-22,Amateur,2018,https://boxd.it/iFKu,2.5
2020-04-22,The Ritual,2017,https://boxd.it/fo0I,3
2020-04-22,ARQ,2016,https://boxd.it/erMS,3
2020-04-22,8½,1963,https://boxd.it/2aqm,4.5
2020-04-22,Dr. Strangelove or: How I Learned to Stop Worrying and Love the Bomb,1964,https://boxd.it/29eY,4.5
2020-04-22,The Image Book,2018,https://boxd.it/eBse,2
2020-04-22,When We First Met,2018,https://boxd.it/fn3G,3
2020-04-22,Serial Cook,2017,https://boxd.it/h5QE,3
2020-04-22,Bad Boy,2017,https://boxd.it/fx5i,0.5
2020-04-22,The Post,2017,https://boxd.it/fTeG,3.5
2020-04-22,Ayla: The Daughter of War,2017,https://boxd.it/gWyw,2
2020-04-22,Planet of the Apes,1968,https://boxd.it/29p8,4
2020-04-22,Mug,2018,https://boxd.it/fOpE,3.5
2020-04-22,Upgrade,2018,https://boxd.it/i4gW,4
2020-04-22,Beneath the Planet of the Apes,1970,https://boxd.it/28j4,3
2020-04-22,Dark Phoenix,2019,https://boxd.it/anyO,2
2020-04-22,The Wild Pear Tree,2018,https://boxd.it/eMtM,4.5
2020-04-22,Bad Times at the El Royale,2018,https://boxd.it/fSA2,3.5
2020-04-22,Transit,2018,https://boxd.it/gUK6,3.5
2020-04-22,Outlaw King,2018,https://boxd.it/gcxi,3.5
2020-04-22,Escape from the Planet of the Apes,1971,https://boxd.it/28iK,3.5
2020-04-22,Conquest of the Planet of the Apes,1972,https://boxd.it/28iA,3
2020-04-22,The Godfather,1972,https://boxd.it/2aNK,5
2020-04-22,Foxtrot,2017,https://boxd.it/fOqC,4
2020-04-22,A Simple Favor,2018,https://boxd.it/hq92,3.5
2020-04-22,Blazing Saddles,1974,https://boxd.it/1UHQ,3.5
2020-04-22,Butterflies,2018,https://boxd.it/hHyo,4
2020-04-22,One Flew Over the Cuckoo's Nest,1975,https://boxd.it/2aeA,5
2020-04-22,My Father,2017,https://boxd.it/hiaQ,2.5
2020-04-22,Rocky,1976,https://boxd.it/28Uk,4
2020-04-22,Taxi Driver,1976,https://boxd.it/2b8y,5
2020-04-22,The Man from Earth,2007,https://boxd.it/1Ql2,4.5
2020-04-22,Annie Hall,1977,https://boxd.it/29M2,4.5
2020-04-22,Love & Other Drugs,2010,https://boxd.it/UIi,3
2020-04-22,Into the Wild,2007,https://boxd.it/22m2,4.5
2020-04-22,In the Family,2017,https://boxd.it/h8Cq,3.5
2020-04-22,The Wild Soccer Bunch 3,2006,https://boxd.it/AZo,2
2020-04-22,Neşeli Günler,1978,https://boxd.it/x6K,4.5
2020-04-22,Searching,2018,https://boxd.it/hDPg,4
2020-04-22,Mortal World,2018,https://boxd.it/i1G8,3.5
2020-04-22,What a Crush,2018,https://boxd.it/h27G,0.5
2020-04-22,Aliens in the Attic,2009,https://boxd.it/1COY,2.5
2020-04-22,Muslum,2018,https://boxd.it/jcPW,2.5
2020-04-22,Stranger in My Pocket,2018,https://boxd.it/hW3g,3.5
2020-04-22,The Boxtrolls,2014,https://boxd.it/5grw,3.5
2020-04-22,The Heiresses,2018,https://boxd.it/i1fw,3.5
2020-04-22,R.I.P.D.,2013,https://boxd.it/FQQ,2.5
2020-04-22,Rocky II,1979,https://boxd.it/28Ua,3.5
2020-04-22,The Incredible Hulk,2008,https://boxd.it/28dU,3
2020-04-22,Thor,2011,https://boxd.it/1WQU,3
2020-04-22,Warcraft,2016,https://boxd.it/2czK,3.5
2020-04-22,Gerçek Kesit: Manyak,2018,https://boxd.it/isKQ,2
2020-04-22,The Wild Soccer Bunch 4,2007,https://boxd.it/28YQ,2.5
2020-04-22,Percy Jackson & the Olympians: The Lightning Thief,2010,https://boxd.it/1gJi,3
2020-04-22,Interstellar,2014,https://boxd.it/4VZ8,5
2020-04-22,World War Z,2013,https://boxd.it/2p2E,3.5
2020-04-22,Superbad,2007,https://boxd.it/20hO,4
2020-04-22,Raiders of the Lost Ark,1981,https://boxd.it/2bbs,4.5
2020-04-22,Climax,2018,https://boxd.it/ikvo,3.5
2020-04-22,The Pink Panther 2,2009,https://boxd.it/1MHy,1.5
2020-04-22,First Blood,1982,https://boxd.it/28U0,4
2020-04-22,Cloudy with a Chance of Meatballs,2009,https://boxd.it/1A40,4
2020-04-22,Rocky III,1982,https://boxd.it/28Tw,4
2020-04-22,The Lost Treasure of the Knights Templar II,2007,https://boxd.it/1KX0,3.5
2020-04-22,The Avengers,2012,https://boxd.it/1xFW,3.5
2020-04-22,Valhalla Rising,2009,https://boxd.it/17lc,4
2020-04-22,Beverly Hills Cop,1984,https://boxd.it/2baE,4
2020-04-22,Monsters vs Aliens,2009,https://boxd.it/1M50,3
2020-04-22,Rambo: First Blood Part II,1985,https://boxd.it/28TQ,3
2020-04-22,Rocky IV,1985,https://boxd.it/28T2,3.5
2020-04-22,The Hobbit: An Unexpected Journey,2012,https://boxd.it/GZk,4
2020-04-22,Frequently Asked Questions About Time Travel,2009,https://boxd.it/1Au8,3.5
2020-04-22,WALL·E,2008,https://boxd.it/1VEo,5
2020-04-22,The Legend of Tarzan,2016,https://boxd.it/7DUU,2.5
2020-04-22,Stand by Me,1986,https://boxd.it/2aOe,4
2020-04-22,Harry Potter and the Deathly Hallows: Part 1,2010,https://boxd.it/1RYu,4
2020-04-22,The Class,2007,https://boxd.it/gL1Q,0.5
2020-04-22,Lethal Weapon,1987,https://boxd.it/29e0,4
2020-04-22,Taken,2008,https://boxd.it/1ZXa,3.5
2020-04-22,Source Code,2011,https://boxd.it/fdo,4
2020-04-22,Black Swan,2010,https://boxd.it/Sw0,4
2020-04-22,The Masked Gang: Iraq,2007,https://boxd.it/etDe,0.5
2020-04-22,Die Hard,1988,https://boxd.it/2a7u,4
2020-04-22,Ben X,2007,https://boxd.it/21jm,4
2020-04-22,Yes Sir,2007,https://boxd.it/1jxu,0.5
2020-04-22,Rambo III,1988,https://boxd.it/28TG,3
2020-04-22,Back to the Future Part II,1989,https://boxd.it/2aYI,4
2020-04-22,Batman,1989,https://boxd.it/2aIU,4
2020-04-22,Justice League,2017,https://boxd.it/4w68,3
2020-04-22,17 Again,2009,https://boxd.it/1Jnq,3.5
2020-04-22,Indiana Jones and the Last Crusade,1989,https://boxd.it/2baO,4
2020-04-22,Lethal Weapon 2,1989,https://boxd.it/29dQ,4
2020-04-22,The Chronicles of Narnia: The Voyage of the Dawn Treader,2010,https://boxd.it/1WZs,3
2020-04-22,Antoine Griezmann: The Making of a Legend,2019,https://boxd.it/lGue,3
2020-04-22,Sherlock Holmes,2009,https://boxd.it/1W2A,3.5
2020-04-22,Hanna,2011,https://boxd.it/DBE,3.5
2020-04-22,Die Hard 2,1990,https://boxd.it/28zw,3.5
2020-04-22,Home Alone,1990,https://boxd.it/29Fg,3.5
2020-04-22,Predator 2,1990,https://boxd.it/2aY4,4
2020-04-30,La Belle Époque,2019,https://boxd.it/lXCE,4
2020-05-12,Peter Pan,1953,https://boxd.it/1VCC,4
2020-05-13,Return to Never Land,2002,https://boxd.it/1JMA,3
2020-05-16,Smiling Eyes,1977,https://boxd.it/4IA,4.5
2020-07-26,Palm Springs,2020,https://boxd.it/lCXQ,4
2020-08-01,When Marnie Was There,2014,https://boxd.it/78pm,4
2020-11-16,True Grit,2010,https://boxd.it/Sog,3
2020-12-06,Just Another Christmas,2020,https://boxd.it/slKa,3.5
2021-01-26,Night Moves,2013,https://boxd.it/4WFe,3.5
2021-01-26,The Nun's Story,1959,https://boxd.it/1sFW,4
2021-01-26,A Run for Money,1999,https://boxd.it/Lxg,4
2021-02-05,Enemy,2013,https://boxd.it/5xtO,3.5
2021-03-08,Nomadland,2020,https://boxd.it/lnRy,4
2021-03-10,Soul,2020,https://boxd.it/ioLA,4.5
2021-03-17,Man of Steel,2013,https://boxd.it/FRk,4
2021-04-05,303,2018,https://boxd.it/hNBe,4
2021-04-08,Love Likes Coincidences 2,2020,https://boxd.it/oyc8,3
2021-04-17,Love and Monsters,2020,https://boxd.it/lJ6E,3.5
2021-04-17,Fahrenheit 451,1966,https://boxd.it/28fw,3.5
2021-04-18,Sound of Metal,2019,https://boxd.it/i7Q4,4
2021-04-23,Me and Earl and the Dying Girl,2015,https://boxd.it/9SAE,3.5
2021-04-24,Tenet,2020,https://boxd.it/leq4,3
2021-04-24,Happy Gilmore,1996,https://boxd.it/1Yey,3.5
2021-04-24,Pixels,2015,https://boxd.it/7BaA,2.5
2021-04-24,Uncut Gems,2019,https://boxd.it/gXGc,4
2021-04-24,Fun with Dick and Jane,2005,https://boxd.it/20PG,2
2021-04-24,How the Grinch Stole Christmas,2000,https://boxd.it/1ZHQ,2
2021-04-26,My Travel Buddy,2017,https://boxd.it/h8Pa,1
2021-04-26,My Travel Buddy 2,2018,https://boxd.it/k50k,1
2021-04-26,Vendors' Meeting,2020,https://boxd.it/p8he,0.5
2021-04-26,Baba Parası,2020,https://boxd.it/orW4,0.5
2021-04-26,Money Trap,2019,https://boxd.it/lfkw,2
2021-04-26,Overnight Republic,2017,https://boxd.it/gbrI,2
2021-04-26,WarGames,1983,https://boxd.it/29qU,3.5
2021-05-01,Spring,2014,https://boxd.it/76Sm,3.5
2021-05-03,The Mitchells vs. the Machines,2021,https://boxd.it/i7xm,4
2021-05-03,22 vs. Earth,2021,https://boxd.it/uyDA,4
2021-05-04,Days of Being Wild,1990,https://boxd.it/1HbC,4
2021-05-04,The Map of Tiny Perfect Things,2021,https://boxd.it/p3O8,2.5
2021-05-04,Rocketman,2019,https://boxd.it/iehK,3
2021-05-07,In the Mood for Love,2000,https://boxd.it/29tE,4.5
2021-05-07,The King's Speech,2010,https://boxd.it/dX0,4
2021-05-08,Midsommar,2019,https://boxd.it/jhxe,4
2021-05-09,Thunder Force,2021,https://boxd.it/mLsE,1.5
2021-05-09,Raya and the Last Dragon,2021,https://boxd.it/jbkI,4
2021-05-10,Coherence,2013,https://boxd.it/6xza,4.5
2021-05-10,Ex Machina,2015,https://boxd.it/7T2k,4
2021-05-10,Battle Royale,2000,https://boxd.it/25zS,4
2021-05-10,Paul,2011,https://boxd.it/13uE,3.5
2021-05-10,Pacific Rim,2013,https://boxd.it/2cB2,4
2021-05-11,Dawn of the Planet of the Apes,2014,https://boxd.it/3XyQ,4
2021-05-11,Café de Flore,2011,https://boxd.it/302Q,3
2021-09-06,The Tomorrow War,2021,https://boxd.it/lE78,2.5
2021-10-06,Casino Royale,2006,https://boxd.it/1alk,4
2021-10-08,Quantum of Solace,2008,https://boxd.it/1Vs8,3
2021-10-16,The Green Knight,2021,https://boxd.it/kuy2,3.5
2021-10-16,Last Summer,2021,https://boxd.it/txP4,3
2021-10-16,Bo Burnham: Inside,2021,https://boxd.it/v2uy,4.5
2021-10-16,The Lobster,2015,https://boxd.it/7tnw,4.5
2021-10-16,Yesterday,2019,https://boxd.it/iF7M,2.5
2021-10-16,The Stronghold,2021,https://boxd.it/nDHe,3
2021-10-16,The Suicide Squad,2021,https://boxd.it/fw6O,3.5
2021-10-16,1917,2019,https://boxd.it/jj4y,4
2021-10-16,Full Metal Jacket,1987,https://boxd.it/2a1Q,5
2021-10-25,The Road Within,2014,https://boxd.it/6JtS,3
2021-10-25,Tekken,2010,https://boxd.it/Xv2,1
2021-10-25,Unfinished Love Circle,2020,https://boxd.it/U1fM,3
2021-10-25,Comidark Films: In Between,2019,https://boxd.it/nL1q,3.5
2021-10-25,Comidark Films: The Getaway,2019,https://boxd.it/nLcS,2.5
2021-10-25,Leyla Everlasting,2020,https://boxd.it/oSey,1
2021-10-25,You're Everything To Me,2016,https://boxd.it/fRBe,1.5
2021-10-25,August 32nd on Earth,1998,https://boxd.it/hY2,3.5
2021-10-25,Knives Out,2019,https://boxd.it/jWEA,4
2021-11-08,American Pie,1999,https://boxd.it/27qy,3.5
2021-11-08,The Wild,2006,https://boxd.it/1Xz6,2
2021-11-08,Paper Lives,2021,https://boxd.it/txNi,2
2021-11-09,Miracle in Cell No. 7,2019,https://boxd.it/nFrM,3
2021-11-10,The Harder They Fall,2021,https://boxd.it/mRCU,3
2021-11-24,Greenland,2020,https://boxd.it/j1Um,2.5
2021-12-17,Spider-Man: Into the Spider-Verse,2018,https://boxd.it/azpY,5
2021-12-23,Spider-Man 3,2007,https://boxd.it/2a7Y,4
2022-01-05,Nobody,2021,https://boxd.it/mLqS,3.5
2022-01-06,National Lampoon's Vacation,1983,https://boxd.it/1Uvq,3
2022-01-06,National Lampoon's European Vacation,1985,https://boxd.it/1TTc,3
2022-01-07,National Lampoon's Christmas Vacation,1989,https://boxd.it/22wQ,2.5
2022-01-07,Boss Level,2021,https://boxd.it/iAkw,3.5
2022-01-08,The Tender Bar,2021,https://boxd.it/rgLq,3
2022-01-10,12:01,1993,https://boxd.it/1I3O,3.5
2022-01-16,Independence Day,1996,https://boxd.it/2a1w,3.5
2022-01-16,Independence Day: Resurgence,2016,https://boxd.it/JwK,1
2022-01-17,"The French Dispatch of the Liberty, Kansas Evening Sun",2021,https://boxd.it/jLP8,2.5
2022-01-17,The Grand Budapest Hotel,2014,https://boxd.it/3ZqO,4
2022-01-18,Dune,2021,https://boxd.it/fA7G,4
2022-01-18,Don't Look Up,2021,https://boxd.it/o0Hc,4.5
2022-01-19,"tick, tick... BOOM!",2021,https://boxd.it/jz2e,3
2022-01-19,Dumb and Dumber,1994,https://boxd.it/206m,3.5
2022-01-25,Dumb and Dumber To,2014,https://boxd.it/3qPk,2.5
2022-01-25,Ace Ventura: Pet Detective,1994,https://boxd.it/25RW,4
2022-01-25,Ace Ventura: When Nature Calls,1995,https://boxd.it/1Z66,4
2022-01-25,Liar Liar,1997,https://boxd.it/28sg,4.5
2022-01-25,The Truman Show,1998,https://boxd.it/18U8,5
2022-01-25,Lemony Snicket's A Series of Unfortunate Events,2004,https://boxd.it/1T7s,3
2022-01-25,Eternal Sunshine of the Spotless Mind,2004,https://boxd.it/6YK,5
2022-01-26,Salako,1974,https://boxd.it/3HB0,3
2022-01-26,From the Village to the City,1974,https://boxd.it/2BjW,3.5
2022-01-26,The Stupid Millionaire,1974,https://boxd.it/3HBE,3
2022-01-26,The Blue Bead,1975,https://boxd.it/2hq4,3.5
2022-01-26,The Chaos Class,1975,https://boxd.it/2Wiq,5
2022-01-26,Hanzo,1975,https://boxd.it/3syK,2
2022-01-26,The Foster Brothers,1976,https://boxd.it/1jb4,4
2022-01-26,The Chaos Class Is Waking Up,1976,https://boxd.it/1jaK,4
2022-01-26,King of the Doormen,1977,https://boxd.it/2hMY,3.5
2022-01-26,Fake Gangster,1976,https://boxd.it/2zvG,3
2022-01-26,Tosun Pasha,1976,https://boxd.it/15b0,4
2022-01-26,The Chaos Class Failed the Class,1976,https://boxd.it/1iSQ,4
2022-01-26,The King of the Street Cleaners,1977,https://boxd.it/2Pli,3.5
2022-01-26,Korkusuz Korkak,1979,https://boxd.it/44BW,3.5
2022-01-26,Our Hope Is Şaban,1979,https://boxd.it/4HZ4,3
2022-01-26,The Top Scorer,1980,https://boxd.it/ftRC,3
2022-01-26,Troublemaker Hüsnü,1983,https://boxd.it/44AE,3
2022-01-26,En Büyük Şaban,1983,https://boxd.it/6WZi,3
2022-01-26,Şabaniye,1984,https://boxd.it/aIPc,2
2022-01-26,Atla Gel Şaban,1984,https://boxd.it/zmU,2.5
2022-01-26,"Şaban, a Man from the Middle Class",1984,https://boxd.it/5LZE,2.5
2022-01-26,Katma Değer Şaban,1985,https://boxd.it/2zx8,2.5
2022-01-26,Tarzan Rıfkı,1986,https://boxd.it/9OYC,2
2022-01-26,Japanese Connection,1987,https://boxd.it/6Wie,2.5
2022-01-26,Kiracı,1987,https://boxd.it/5Mbq,2.5
2022-01-26,The Laughing Man,1989,https://boxd.it/g9Jq,3
2022-02-05,Let It Snow,2019,https://boxd.it/9kKg,2.5
2022-02-05,Enola Holmes,2020,https://boxd.it/hX2o,2.5
2022-02-05,Baby's Day Out,1994,https://boxd.it/1Ume,2.5
2022-02-05,You Me Lenin,2021,https://boxd.it/uRmS,3.5
2022-02-05,The Haunting of Hill House,2018,https://boxd.it/kfJ0,4
2022-02-05,A.I. Artificial Intelligence,2001,https://boxd.it/29Ve,5
2022-02-05,Click,2006,https://boxd.it/1YVM,3
2022-02-05,We're the Millers,2013,https://boxd.it/4srQ,3.5
2022-02-05,Frances Ha,2012,https://boxd.it/41Xg,3.5
2022-02-05,The Invention of Lying,2009,https://boxd.it/1zGs,4
2022-02-05,Squid Game,2021,https://boxd.it/x1OG,2.5
2022-02-10,Call Me by Your Name,2017,https://boxd.it/dYmm,3
2022-02-10,Spider-Man: No Way Home,2021,https://boxd.it/nwRw,3.5
2022-02-10,The Amazing Spider-Man 2,2014,https://boxd.it/3utM,1.5
2022-02-10,Spider-Man: Homecoming,2017,https://boxd.it/aboM,2.5
2022-02-10,Spider-Man: Far From Home,2019,https://boxd.it/fegG,3
2022-02-14,Bergman Island,2021,https://boxd.it/h86E,3.5
2022-02-14,Uncharted,2022,https://boxd.it/b5Dy,2
2022-02-15,Moonfall,2022,https://boxd.it/ejwM,2
2022-02-15,Death on the Nile,2022,https://boxd.it/ifpg,3
2022-02-15,The Benchwarmers,2006,https://boxd.it/1Xr2,2.5
2022-02-16,Safety Not Guaranteed,2012,https://boxd.it/2Y3M,3.5
2022-02-17,The One I Love,2014,https://boxd.it/77gy,4.5
2022-02-18,The Discovery,2017,https://boxd.it/d4gC,3.5
2022-02-20,The Way We Are,2020,https://boxd.it/nXZC,2.5
2022-02-22,Iftar Soda,2016,https://boxd.it/df5q,2
2022-02-22,Batman,1966,https://boxd.it/26uO,2
2022-02-22,Luca,2021,https://boxd.it/ipjC,3.5
2022-02-25,Trouble on Wheels,2015,https://boxd.it/cidK,3
2022-02-25,Telling Tales,2015,https://boxd.it/aXc0,3.5
2022-02-26,Army of the Dead,2021,https://boxd.it/ic7S,2
2022-02-26,Batman v Superman: Dawn of Justice,2016,https://boxd.it/6fBW,2.5
2022-03-02,Batman Returns,1992,https://boxd.it/2awa,4.5
2022-03-03,Rise of the Planet of the Apes,2011,https://boxd.it/cS4,4.5
2022-03-03,War for the Planet of the Apes,2017,https://boxd.it/8FE2,3.5
2022-03-05,11.22.63,2016,https://boxd.it/bFV4,4
2022-03-06,Batman Forever,1995,https://boxd.it/2ara,2
2022-03-06,Cats & Dogs,2001,https://boxd.it/1UUq,1.5
2022-03-07,The Finest Hours,2016,https://boxd.it/9yAa,2
2022-03-07,In the Tall Grass,2019,https://boxd.it/iZpm,2
2022-03-07,Batman Begins,2005,https://boxd.it/2aIg,4.5
2022-03-07,Doodlebug,1997,https://boxd.it/TZC,3.5
2022-03-07,The Prestige,2006,https://boxd.it/293w,5
2022-03-07,Dunkirk,2017,https://boxd.it/d0Y6,3
2022-03-07,Jaws,1975,https://boxd.it/2a5e,5
2022-03-07,Indiana Jones and the Temple of Doom,1984,https://boxd.it/2bb8,4.5
2022-03-07,Jurassic Park,1993,https://boxd.it/2aA2,4.5
2022-03-07,Minority Report,2002,https://boxd.it/2aWi,4.5
2022-03-08,The Dark Knight,2008,https://boxd.it/2b0k,5
2022-03-09,Meet Dave,2008,https://boxd.it/1Uf8,1
2022-03-11,Piranha,1978,https://boxd.it/1wTI,3
2022-03-14,The Adam Project,2022,https://boxd.it/q2Dg,3
2022-03-16,Captain Phillips,2013,https://boxd.it/3GPK,4.5
2022-03-17,Idiocracy,2006,https://boxd.it/20RW,2
2022-03-20,Premature,2014,https://boxd.it/7qNQ,2.5
2022-03-23,Superman: Red Son,2020,https://boxd.it/mSas,2.5
2022-03-24,Turning Red,2022,https://boxd.it/ipkq,3.5
2022-03-26,Belfast,2021,https://boxd.it/tefG,2
2022-03-29,Fresh,2022,https://boxd.it/tCNi,3.5
2022-03-31,Shazam!,2019,https://boxd.it/8WBu,3
2022-03-31,Suicide Squad,2016,https://boxd.it/9row,3
2022-04-04,Kung Fu Panda Holiday,2010,https://boxd.it/DKQ,3.5
2022-04-04,Kung Fu Panda 3,2016,https://boxd.it/4uRQ,3.5
2022-04-06,Time Trap,2017,https://boxd.it/ggMw,3.5
2022-04-07,In Good Hands,2022,https://boxd.it/zITo,1
2022-04-07,Everything Everywhere All at Once,2022,https://boxd.it/jUk4,5
2022-04-12,Sonic the Hedgehog,2020,https://boxd.it/gdK8,2.5
2022-04-17,World of Tomorrow,2015,https://boxd.it/9Gr6,4.5
2022-04-17,Cars of the Revolution,2008,https://boxd.it/ypy,4
2022-08-24,Nope,2022,https://boxd.it/sDCe,4
2022-08-25,Magnum Opus,2022,https://boxd.it/CcUg,3.5
2022-08-25,Groot Takes a Bath,2022,https://boxd.it/CcTW,3
2022-08-25,The Little Guy,2022,https://boxd.it/CcU6,3
2022-08-25,Groot's Pursuit,2022,https://boxd.it/CcUq,3
2022-08-25,Groot's First Steps,2022,https://boxd.it/CcTM,3
2022-08-30,Laal Singh Chaddha,2022,https://boxd.it/mbVK,2.5
2022-09-03,C'mon C'mon,2021,https://boxd.it/nrI0,4
2022-09-09,Where the Crawdads Sing,2022,https://boxd.it/psLS,3
2022-09-09,Emergency Declaration,2021,https://boxd.it/nduy,2.5
2022-09-16,Three Thousand Years of Longing,2022,https://boxd.it/kmoy,3.5
2022-09-16,Dragon Ball Super: Super Hero,2022,https://boxd.it/mxII,4
2022-09-16,Ticket to Paradise,2022,https://boxd.it/u8Cc,2.5
2022-09-17,Doctor Strange in the Multiverse of Madness,2022,https://boxd.it/gaTc,3
2022-09-20,The Ottoman Republic,2008,https://boxd.it/zJu,1
2022-09-20,Rise,2022,https://boxd.it/svMU,4
2022-09-20,The Secret Life of Pets,2016,https://boxd.it/aJ5E,3
2022-09-20,Obi-Wan Kenobi,2022,https://boxd.it/yLBA,3
2022-09-20,My Girl,1991,https://boxd.it/24PK,3.5
2022-09-21,Don't Worry Darling,2022,https://boxd.it/mViu,2.5
2022-09-21,The Hottie & The Nottie,2008,https://boxd.it/98W,0.5
2022-09-22,Abraham Lincoln: Vampire Hunter,2012,https://boxd.it/2oG4,2
2022-09-23,Brother in Love 2,2021,https://boxd.it/yjHg,3
2022-09-23,Mandıra Filozofu,2014,https://boxd.it/9qgc,2
2022-09-24,A Bug's Life,1998,https://boxd.it/1Yyy,3.5
2022-09-24,Ratatouille,2007,https://boxd.it/27ww,4
2022-09-24,Day & Night,2010,https://boxd.it/11kM,4
2022-09-26,Happy Death Day,2017,https://boxd.it/fDz4,3
2022-10-01,Mystery Train,1989,https://boxd.it/1Ub6,4
2022-10-01,Dead Man,1995,https://boxd.it/29h4,4.5
2022-10-03,The Shining,1980,https://boxd.it/29Nu,5
2022-10-06,Avatar,2009,https://boxd.it/1Efm,5
2022-10-08,The Worst Ones,2022,https://boxd.it/Alya,3.5
2022-10-12,See How They Run,2022,https://boxd.it/sNVq,3
2022-10-20,Back to the Future,1985,https://boxd.it/2b8e,5
2022-10-21,You've Got Murder,2019,https://boxd.it/nkji,2.5
2022-10-26,Bodies Bodies Bodies,2022,https://boxd.it/iRcE,3.5
2022-10-31,Goal!,2005,https://boxd.it/1XRY,3
2022-11-01,Sick of Myself,2022,https://boxd.it/tEzs,4
2022-11-02,The Mighty Ducks,1992,https://boxd.it/1Wka,3.5
2022-11-02,D2: The Mighty Ducks,1994,https://boxd.it/1UtO,2.5
2022-11-10,D3: The Mighty Ducks,1996,https://boxd.it/1VEy,2
2022-11-10,Black Panther: Wakanda Forever,2022,https://boxd.it/igPu,3.5
2022-11-14,Rookie of the Year,1993,https://boxd.it/2lyG,2
2022-11-29,Amsterdam,2022,https://boxd.it/oJ58,3
2022-12-18,Avatar: The Way of Water,2022,https://boxd.it/2E2E,5
2022-12-26,Klaus,2019,https://boxd.it/ipoi,4
2023-02-02,The Banshees of Inisherin,2022,https://boxd.it/p7XS,5
2023-02-17,Big,1988,https://boxd.it/271S,4
2023-02-17,Turner & Hooch,1989,https://boxd.it/21ie,2.5
2023-02-17,Sully,2016,https://boxd.it/cD8Q,3.5
2023-02-18,Moonage Daydream,2022,https://boxd.it/A8Co,5
2023-02-18,The Beasts,2022,https://boxd.it/w1L6,5
2023-02-18,War Pony,2022,https://boxd.it/Alzi,4
2023-02-18,Holy Spider,2022,https://boxd.it/xBn2,4
2023-02-20,Splash,1984,https://boxd.it/26ym,3
2023-02-21,"Honey, I Shrunk the Kids",1989,https://boxd.it/1YTw,3.5
2023-02-21,The Boy in the Striped Pyjamas,2008,https://boxd.it/1NOK,4
2023-02-21,Back to the Future Part III,1990,https://boxd.it/2aTS,3.5
2023-02-21,The Menu,2022,https://boxd.it/lScm,3.5
2023-02-21,Bones and All,2022,https://boxd.it/tLd4,3.5
2023-02-24,Ant-Man,2015,https://boxd.it/3vmW,3
2023-02-28,Wristcutters: A Love Story,2006,https://boxd.it/1QBY,4
2023-03-12,Scream,1996,https://boxd.it/24EC,4
2023-03-13,Scream 2,1997,https://boxd.it/24Es,3
2023-03-20,Scream 3,2000,https://boxd.it/24Ei,2.5
2023-03-20,BASEketball,1998,https://boxd.it/1OVs,3
2023-03-20,You Were Never Really Here,2017,https://boxd.it/dWOS,4
2023-03-20,Operation Fortune: Ruse de Guerre,2023,https://boxd.it/rJXA,3
2023-03-27,Cocaine Bear,2023,https://boxd.it/ugw2,3
2023-03-27,Scream 4,2011,https://boxd.it/Zmc,3
2023-04-06,Dungeons & Dragons: Honor Among Thieves,2023,https://boxd.it/hN1A,4
2023-04-17,The Super Mario Bros. Movie,2023,https://boxd.it/i8C8,3.5
2023-04-28,Shazam! Fury of the Gods,2023,https://boxd.it/lV0S,3
2023-05-12,Dazed and Confused,1993,https://boxd.it/1Ylk,4
2023-05-28,10 Things I Hate About You,1999,https://boxd.it/23AO,3.5
2023-06-09,Beau Is Afraid,2023,https://boxd.it/u2gE,4
2023-06-14,BlackBerry,2023,https://boxd.it/CoVK,4.5
2023-06-17,The Flash,2023,https://boxd.it/9twC,3.5
2023-06-19,Léon: The Professional,1994,https://boxd.it/2b8S,5
2023-06-19,Extraction 2,2023,https://boxd.it/q4Zo,4
2023-06-19,Extraction,2020,https://boxd.it/jUjA,3
2023-06-21,Bottle Rocket,1996,https://boxd.it/1PDa,4
2023-07-05,Destiny,2006,https://boxd.it/SMM,4.5
2023-07-14,Mission: Impossible,1996,https://boxd.it/29d2,3.5
2023-07-17,Mission: Impossible II,2000,https://boxd.it/29cS,2.5
2023-08-15,Kolpaçino,2009,https://boxd.it/EBU,2
2023-08-16,Oppenheimer,2023,https://boxd.it/wUow,4.5
2023-08-17,Whisper If I Forget,2014,https://boxd.it/9y5c,3
2023-08-18,Ant-Man and the Wasp: Quantumania,2023,https://boxd.it/nL2y,2.5
2023-08-18,M3GAN,2022,https://boxd.it/jxmG,3
2023-08-30,Deeply,2021,https://boxd.it/KO5Q,4.5
2023-08-30,But Muzeyyen That's the Deepest Desire,2014,https://boxd.it/9Zao,2.5
2023-08-30,Goal III: Taking on the World,2009,https://boxd.it/1FCw,0.5
2023-08-30,Goal II: Living the Dream,2007,https://boxd.it/1XKe,2
2023-08-31,Burning Days,2022,https://boxd.it/psok,5
2023-09-11,Inside,2002,https://boxd.it/4ocs,4
2023-09-12,The Magician,2006,https://boxd.it/1Qtg,3.5
2023-09-19,Boss Wants a Happy Ending,2014,https://boxd.it/7DsQ,1.5
2023-10-10,Teenage Mutant Ninja Turtles: Mutant Mayhem,2023,https://boxd.it/mK0a,4
2023-10-10,Fargo,1996,https://boxd.it/2aHM,5
2023-10-10,Barbarian,2022,https://boxd.it/yohi,3.5
2023-10-12,No One Will Save You,2023,https://boxd.it/uUO6,3.5
2023-10-16,The Book of Solutions,2023,https://boxd.it/xx3i,3.5
2023-10-16,How to Have Sex,2023,https://boxd.it/EFIM,3
2023-10-16,Black Box,2023,https://boxd.it/Aafm,3
2023-10-19,Dream Scenario,2023,https://boxd.it/v2h0,4
2023-10-31,Avengers: Endgame,2019,https://boxd.it/9vE4,4
2023-11-06,The Call,2020,https://boxd.it/l94W,3.5
2024-01-17,Child's Play,1988,https://boxd.it/1VTo,3.5
2024-02-09,Chronicle,2012,https://boxd.it/2Emk,3.5
2024-02-13,Elemental,2023,https://boxd.it/ASiE,3.5
2024-02-13,The Odd Life of Timothy Green,2012,https://boxd.it/2pT4,3
2024-02-26,About Dry Grasses,2023,https://boxd.it/oNbO,4.5
2024-03-03,Dune: Part Two,2024,https://boxd.it/pUfA,5
2024-03-04,Nimona,2023,https://boxd.it/Aiyc,4
2024-03-08,Fallen Leaves,2023,https://boxd.it/Bgew,4.5
2024-03-08,American Fiction,2023,https://boxd.it/DYHm,4
2024-03-09,Past Lives,2023,https://boxd.it/oNB8,4.5
2024-03-10,Maestro,2023,https://boxd.it/j0DE,3
2024-03-10,Anatomy of a Fall,2023,https://boxd.it/yuDE,4.5
2024-03-10,Killers of the Flower Moon,2023,https://boxd.it/gHp0,4.5
2024-03-10,65,2023,https://boxd.it/qbus,1.5
2024-03-10,Barbie,2023,https://boxd.it/bCLK,3.5
2024-03-11,The Zone of Interest,2023,https://boxd.it/gJsA,3.5
2024-03-11,Poor Things,2023,https://boxd.it/tNWU,5
2024-03-11,The Holdovers,2023,https://boxd.it/vHza,4.5
2024-03-13,Mummies,2023,https://boxd.it/uLRU,2.5
2024-03-13,Tomorrow Is Today,2022,https://boxd.it/CWmk,3
2024-03-13,Scream VI,2023,https://boxd.it/zdfW,3
2024-03-13,Countdown,2019,https://boxd.it/m83K,1
2024-03-13,Crater,2023,https://boxd.it/mY8i,3.5
2024-03-13,Four Daughters,2023,https://boxd.it/ErTw,4
2024-03-13,The Taste of Things,2023,https://boxd.it/Arke,3.5
2024-03-13,Spider-Man: Across the Spider-Verse,2023,https://boxd.it/kSz4,5
2024-03-14,Meg 2: The Trench,2023,https://boxd.it/mLvo,1
2024-03-14,Last Call for Istanbul,2023,https://boxd.it/Dwfu,0.5
2024-03-14,Mortal World 2,2023,https://boxd.it/H0bo,3
2024-03-14,My Grandpa’s Receipt,2016,https://boxd.it/deQA,1
2024-03-15,Last Night in Soho,2021,https://boxd.it/lbJC,3.5
2024-03-15,Shaun of the Dead,2004,https://boxd.it/29J8,4.5
2024-03-15,Hot Fuzz,2007,https://boxd.it/2416,4.5
2024-03-15,Baby Driver,2017,https://boxd.it/bhF2,4
2024-03-15,Talk to Me,2022,https://boxd.it/C6uQ,4
2024-03-19,The Night House,2020,https://boxd.it/jZze,3.5
2024-03-20,"Good Bye, Lenin!",2003,https://boxd.it/2ayA,4
2024-03-22,Step Brothers,2008,https://boxd.it/1SsE,3.5
2024-03-22,One-Minute Time Machine,2014,https://boxd.it/bFSO,4
2024-03-23,Heaven,2008,https://boxd.it/hqR4,1
2024-03-23,Avanak Kuzenler,2008,https://boxd.it/zmq,0.5
2024-03-23,Aşk Tutulması,2008,https://boxd.it/zn4,2.5
2024-03-23,120,2008,https://boxd.it/1Vjg,3
2024-03-23,Alone,2008,https://boxd.it/1qAK,2.5
2024-03-23,The Wave,2008,https://boxd.it/20OS,4
2024-03-23,City of Ember,2008,https://boxd.it/1POs,3.5
2024-03-23,"10,000 BC",2008,https://boxd.it/20NK,1.5
2024-03-23,Death Race,2008,https://boxd.it/1W9m,2.5
2024-03-23,The Spiderwick Chronicles,2008,https://boxd.it/20v2,3.5
2024-03-23,The Chronicles of Narnia: Prince Caspian,2008,https://boxd.it/26Hy,3
2024-03-23,Yes Man,2008,https://boxd.it/1WPW,3
2024-03-23,Iron Man,2008,https://boxd.it/28dA,4
2024-03-23,Twilight,2008,https://boxd.it/1Zui,3
2024-03-23,Perfidious Byzantine,2000,https://boxd.it/1eGQ,2.5
2024-03-23,The Iron Giant,1999,https://boxd.it/1Wow,4.5
2024-03-24,Stranger Than Fiction,2006,https://boxd.it/28Za,4
2024-03-25,The Last Starfighter,1984,https://boxd.it/1SRk,3.5
2024-03-26,Miracle Mile,1988,https://boxd.it/1x68,4
2024-03-27,Time Renegades,2016,https://boxd.it/dspy,4
2024-03-27,Billy Madison,1995,https://boxd.it/1UQI,3.5
2024-03-28,Circle,2015,https://boxd.it/b5So,3
2024-03-28,Cube,1997,https://boxd.it/2aoU,4
2024-03-29,Escape Room,2019,https://boxd.it/iYlS,2.5
2024-03-29,Bulletproof,1996,https://boxd.it/1Vy6,2.5
2024-03-30,Time Lapse,2014,https://boxd.it/8hCQ,3
2024-03-31,The Wedding Singer,1998,https://boxd.it/1USO,4
2024-04-26,Tremors,1990,https://boxd.it/1YSe,4
2024-06-03,Cars,2006,https://boxd.it/29ho,5
2024-08-01,X-Men,2000,https://boxd.it/1a7s,4
2024-08-10,At the Bar,2007,https://boxd.it/1r7O,3
2024-08-14,Carrie,1976,https://boxd.it/20ZQ,4
2024-08-24,Train to Busan,2016,https://boxd.it/dSQU,4
2024-08-27,Inside Out 2,2024,https://boxd.it/CFrC,4.5
2024-08-27,Sosyete Şaban,1985,https://boxd.it/44Bi,2.5
2024-09-04,mid90s,2018,https://boxd.it/fxIa,4
2024-10-07,Mary and Max,2009,https://boxd.it/1y2m,4.5
2024-10-09,Marcello Mio,2024,https://boxd.it/Hkug,2.5
2024-10-09,A Different Man,2024,https://boxd.it/BoEC,4
2024-10-10,And Their Children After Them,2024,https://boxd.it/FLcE,3.5
2024-10-10,Hot Sweet Sour,2017,https://boxd.it/h280,1
2025-01-05,The Princess Bride,1987,https://boxd.it/26EY,4.5
2025-01-09,Labyrinth,1986,https://boxd.it/1POC,3.5
2025-01-29,Magic Carpet Ride,2005,https://boxd.it/1kV8,3.5
2025-02-03,A Son of the Sun,2008,https://boxd.it/18ny,3.5
2025-02-07,Five Cities,2009,https://boxd.it/BDy,3.5
2025-02-10,The Extreme Tragic Story of Celal Tan and His Family,2011,https://boxd.it/2KNQ,2.5
2025-02-10,New Year's Eve,2022,https://boxd.it/DQnI,2
2025-02-19,Meet the Robinsons,2007,https://boxd.it/28Ym,3.5
2025-03-16,Reality+,2014,https://boxd.it/cIEC,3.5
2025-04-07,Bruce Almighty,2003,https://boxd.it/2aCC,4.5
2025-05-04,Locked on You,2018,https://boxd.it/kKnu,1.5
2025-05-12,Spider-Man,2002,https://boxd.it/2a8i,4.5
2025-05-20,The Butterfly's Dream,2013,https://boxd.it/5haQ,3.5
2025-05-23,Spider-Man 2,2004,https://boxd.it/2a88,5
2025-05-30,Karate Kid: Legends,2025,https://boxd.it/CeNc,3
2025-06-07,The Karate Kid,1984,https://boxd.it/27Wk,4
2025-06-13,John Wick,2014,https://boxd.it/7dEc,4
2025-06-16,Nick and Norah's Infinite Playlist,2008,https://boxd.it/1Slo,4
2025-06-16,Twelve Monkeys,1995,https://boxd.it/2beQ,5
2025-06-16,La Jetée,1962,https://boxd.it/29Sk,4
2025-06-17,Oregon,2023,https://boxd.it/CT7w,1.5
2025-06-20,The Terminator,1984,https://boxd.it/2aQY,5
2025-06-26,Terminator 2: Judgment Day,1991,https://boxd.it/2aGY,5
2025-06-28,The Surfer,2024,https://boxd.it/GFEE,3.5
2025-06-28,Just Like Heaven,2005,https://boxd.it/1ZoO,3.5
2025-06-28,Family Switch,2023,https://boxd.it/u1nu,2
2025-06-30,F1,2025,https://boxd.it/yjVM,4
2025-07-07,28 Days Later,2002,https://boxd.it/2aXU,4.5
2025-07-07,Doom,2005,https://boxd.it/1ZOW,2.5
2025-07-17,Superman,2025,https://boxd.it/E9IU,4
2025-07-22,Pulp Fiction,1994,https://boxd.it/29Pq,5
2025-07-25,I Am Legend,2007,https://boxd.it/21DG,4
2025-07-29,National Theatre Live: Dr. Strangelove,2025,https://boxd.it/RW3W,3.5
2025-07-31,Together,2025,https://boxd.it/LdFE,4
2025-08-01,La La Land,2016,https://boxd.it/a5fa,5
2025-08-05,Little Fish,2020,https://boxd.it/lAFK,4
2025-08-10,Shrek 2,2004,https://boxd.it/29z8,5
2025-08-14,Finding Nemo,2003,https://boxd.it/72i,4.5
2025-08-21,Dear Santa,2024,https://boxd.it/FxMo,1
2025-09-23,Hard Eight,1996,https://boxd.it/20DU,4
2025-09-24,Boogie Nights,1997,https://boxd.it/23um,5
2025-09-24,Anima,2019,https://boxd.it/mxuc,4
2025-09-24,Reservoir Dogs,1992,https://boxd.it/2agc,5
2025-09-24,Four Rooms,1995,https://boxd.it/73g,3.5
2025-09-24,Django Unchained,2012,https://boxd.it/2cCk,5
2025-09-24,The Hateful Eight,2015,https://boxd.it/8gw8,5
2025-09-24,Once Upon a Time... in Hollywood,2019,https://boxd.it/gH0O,5
2025-09-29,Magnolia,1999,https://boxd.it/2aze,5
2025-10-06,One Battle After Another,2025,https://boxd.it/DUHM,5
2025-10-10,Memoir of a Snail,2024,https://boxd.it/EgX8,4
2025-10-10,Grand Tour,2024,https://boxd.it/FzwC,4
2025-10-10,The Second Act,2024,https://boxd.it/HW9q,3
2025-10-11,Punch-Drunk Love,2002,https://boxd.it/20E4,4
2025-10-11,There Will Be Blood,2007,https://boxd.it/20Z2,5
2025-10-11,The Master,2012,https://boxd.it/2cBG,4.5
2025-10-11,Inherent Vice,2014,https://boxd.it/5hla,4
2025-10-11,Phantom Thread,2017,https://boxd.it/e4uc,4.5
2025-10-11,Licorice Pizza,2021,https://boxd.it/qTKY,4.5
2025-10-13,Dance with the Jackals,2010,https://boxd.it/hx6,2
2025-10-13,The Flintstones,1994,https://boxd.it/29mo,2
2025-10-17,The Naked Gun: From the Files of Police Squad!,1988,https://boxd.it/18YE,4
2025-10-17,The Fabelmans,2022,https://boxd.it/ugoM,4
2025-10-27,Lucky Numbers,2000,https://boxd.it/1Vpo,1
2025-10-27,Supernova,2000,https://boxd.it/1WoQ,1.5
2025-10-27,Brother in Love,2019,https://boxd.it/moju,3
2026-07-03,Head-On,2004,https://boxd.it/2awk,5
2026-07-17,Flow,2024,https://boxd.it/v1Ei,5
2026-07-25,The Odyssey,2026,https://boxd.it/QFQU,5
2026-07-28,Ice Age,2002,https://boxd.it/2apS,3.5
2026-07-28,Toy Story,1995,https://boxd.it/29qA,5
2026-07-28,Toy Story 2,1999,https://boxd.it/29qq,5
2026-07-28,Toy Story 4,2019,https://boxd.it/9ALu,5
2026-07-28,Toy Story 5,2026,https://boxd.it/F06E,5
2026-08-01,Spider-Man: Brand New Day,2026,https://boxd.it/ACJE,4
2026-08-12,Mulholland Drive,2001,https://boxd.it/297o,5
2026-08-13,Kung Fu Panda,2008,https://boxd.it/1Yws,4
2026-08-13,Kung Fu Panda 2,2011,https://boxd.it/G36,4
2026-08-21,Eraserhead,1977,https://boxd.it/299u,4
2026-08-21,The End of Oak Street,2026,https://boxd.it/FF9a,4
2026-08-30,Fantastic Mr. Fox,2009,https://boxd.it/1WyQ,4.5
