Date,Name,Year,Letterboxd URI,Rating,Rewatch,Review,Tags,Watched Date
2021-04-17,Love and Monsters,2020,https://boxd.it/1NAD0F,3.5,,"Zombieland'a çok benziyor. Ana karakter güçlü, sert biri değil, sıradan ve zayıf biri. Sanki ben gibi :) Dylan O'brien gerçekten harika bir iş çıkartıyor, karakter onun için yaratılmışşşş. Film komediyi ve aksiyonu güzel dengeliyor. İkisini de iyi yapıyor. Canavarlar bildiğiniz cool, bayıldımm. Köpek köpek ona değinmek bile istemiyorum harikaaaa.  Kesinlikle bir devam filmi istiyorum, bu dünyayı daha fazla görmek istiyorum ve bu dünyadan başka karakterleri tanımak istiyorum. 72/100


",,2021-04-16
2021-04-17,Fahrenheit 451,1966,https://boxd.it/1NF0Bx,3.5,,"Uzun zamandır izlemek için heyecanlıydım çünkü kitabına bayılmıştımmm. Ray Bradbury'in aynı isimli romanına dayanıyor ve bazı yerleri dışında akıllıca kurgulanmış. Kitapta çok sevdiğim bazı detaylar ve olaylar yoktu :/ :/ :/   François Truffaut ise görselliğinin getirdiği avantajları kullanarak, filme pek çok zekice hazırlanmış görsel ipuçları koymuş. Onları yakalayıp anlamak aşırı hoşumaaaa gittii :) Eski bir film olduğu için bazı yerlerde görsel efektler göze batıyor şuan için ama unutmayalım ki senaryo > görsel efekt lütfen... Bunu demeden duramayacağım lütfen ama lütfen kitabını okuyun.... BOOK>Movie 
 
                                                                                               73/100",,2021-04-17
2021-04-18,Sound of Metal,2019,https://boxd.it/1NGEnn,4,,"Olivia Cooke love,love,love",,2021-04-17
2021-05-01,Spring,2014,https://boxd.it/1Pyd8x,3.5,,Bazı şeyler ne olursa olsun güzel :),,2021-04-30
2021-05-02,The Iron Giant,1999,https://boxd.it/1PGeJP,4.5,,Ted Lasso'un önerdiği bir filmdi bana demişti hüngür hüngür ağlarsın ve ağladım...,,2021-05-01
2021-05-03,The Mitchells vs. the Machines,2021,https://boxd.it/1PQvTR,4,,Komik+ Yolculuk+ Aksiyon+ Değişik kafalar daha ne olsun ,,2021-05-02
2021-05-03,22 vs. Earth,2021,https://boxd.it/1Q02l7,4,,"22=Ben 

2 tane harika göndermesi olan 5dkcı müthiş bir kısa animasyon... ",,2021-05-03
2021-05-04,Days of Being Wild,1990,https://boxd.it/1Q21HZ,4,,Aşk bazen bir dakikaya sığar bazen yıllara,,2021-05-03
2021-05-07,In the Mood for Love,2000,https://boxd.it/1QsvAB,4.5,,"""O zamanlar geride kaldı. Ona ait olan hiçbir şey yok artık.""",,2021-05-06
2021-05-10,Paul,2011,https://boxd.it/1QOCmP,3.5,,"İzlemeden ölmeyin demeyeceğim ama keyifli bir 90 dakika garanti, geekler için harika bir eğlenceeee. ",,
2021-05-11,Café de Flore,2011,https://boxd.it/1R1EK1,3,,Ruh eşi.... bir yerlerde birisinin senin için yaratılması... mümkün mu sanmam ama güzel düşünce...,,2021-05-11
2021-09-06,The Tomorrow War,2021,https://boxd.it/27p5kJ,2.5,,"Bir Burger King menüsü gibi... ne bekleyeceğinizi biliyorsunuz. Güzel bir burger değil ama  açlığınızı gideriyor. Daha sonra, içinde ne olduğu hakkında çok fazla düşünmeyin yiyin gidin yani izleyin ",,2021-09-05
2021-11-10,The Harder They Fall,2021,https://boxd.it/2h3Ypl,3,,http://arakatmag.art/the-harder-they-fall/,,2021-11-04
2022-01-10,12:01,1993,https://boxd.it/2sE5U7,3.5,,"No 'Groundhog Day,' But It's Not Bad",,2022-01-10
2022-03-17,Idiocracy,2006,https://boxd.it/2FEmd7,2,,gelecekte tüm insanların geri zekâlı olduğu bir dönemde geçiyor yani şuanın Türkiye'sinde geçiyor diyebiliriz...,,2022-03-17
2022-04-17,World of Tomorrow,2015,https://boxd.it/2LeXuB,4.5,,"Işık hayattır.
Robot yürümeli.
Yürü robot, yürü. Ama neden?
Yürü, yürü, yürü. Robot.
Sonsuza dek yürü...",,2022-04-17
2022-09-16,Ticket to Paradise,2022,https://boxd.it/3eeKer,2.5,,"George Clooney ve Julia Roberts'ın ""Gonna Make You Sweat"" şarkısı ile beer bong oynarken sarhoş olup dans ettikleri sahne beşte beş yıldız... onun dışında ki sahneleri ise unuttum bile... ",,2022-09-14
2022-09-20,My Girl,1991,https://boxd.it/3f3ozp,3.5,,the movie is over but i'm still crying,,2022-09-19
2022-09-21,Don't Worry Darling,2022,https://boxd.it/3feUi3,2.5,,Florence Pugh olmasa 0.5 yıldız verirdim ,,2022-09-20
2022-10-06,Avatar,2009,https://boxd.it/3ievsJ,5,Yes,3D VE IMAX NASIL EN İYİ ŞEKİLDE KULLANILIR İŞTE CEVABI BU FİLM,,2022-10-05
2023-06-15,The Flash,2023,https://boxd.it/4np9EN,3.5,,"""The Flash"", zaman yolculuğu ve kesişen zaman çizgilerinin ustalıkla ele alınması, ilgi çekici anlatımı ve dengeli bir mizah ve duygusal tonu ile DC'nin öne çıkan yapımlarından biri. Bununla birlikte, tutarsız CGI, geçmiş DC filmlerine yapılan referanslara aşırı bağımlılık ve hayran hizmeti cameo'ları genel deneyimi olumsuz etkiliyor. Son 15 dakikası sayesinde salondan bizi güzelce uğurluyor.",,2023-06-14
2023-06-20,Extraction 2,2023,https://boxd.it/4oOf4P,4,,"İnceleme yazımı buraya bırakıyorum.... 

https://arakatmag.art/extraction-2-yuksek-dozda-adrenalin/",,2023-06-17
2023-07-17,Mission: Impossible II,2000,https://boxd.it/4wNjyf,2.5,,"John Woo'nun ağır çekimde güvercinlerle dolu aksiyon balesine pek değer vermiyorum. Yine de bu bir Görevimiz Tehlike filmi ve Ethan Hunt muhtemelen tüm zamanların en sevdiğim casusu. Ama ikinci filmde iyi olan tek şey Cruise'un kendisi. Kötü adamlar, kız ve hikaye...

Filmin ilk kurgusu 3.5 saati ama stüdyo itiraz edip filmin en fazla 2 saat olacağını yönetmene söylemiş. Filmin kötü kurgusunun ve devamlılık hatalarının nedeni açıklıyor gibi keşke 3.5 saatlik versiyonunu görme şansımız olsa ",,2023-07-16
2023-10-10,Fargo,1996,https://boxd.it/4YejGl,5,,filmi izlerken çok üşüdüm ,,2023-09-29
2023-10-16,The Taste of Things,2023,https://boxd.it/50gPnd,3.5,,boğa burçları için yapılmış bir şey bu,,2023-10-14
2023-10-20,Dream Scenario,2023,https://boxd.it/51lKQ9,4,,Seni görebildiğim yer rüyalar artık 🥺,,2023-10-18
2023-12-04,Mortal World 2,2023,https://boxd.it/5gnfCp,2.5,,İkinci yarının tek komik ve güzel sahnesi son sahnesi maalesef. İlk filminden çıktıktan sonra çoğu sahne beynimin içinde tekrar tekrar oynamıştı ama bu filmde bu yaşanmadı bile. ,,2023-12-03
2024-01-17,Child's Play,1988,https://boxd.it/5C22qV,3.5,,"Filmde fazla kan ve vahşet olmasa da, bir korku slasher filmi için epey eğlenceli. Genel olarak, o dönemin yönetmenlik tarzına göre bir sürü harika ve yeni unsura sahip bir film. Chucky'nin nasıl 80'lerin en unutulmaz kötü karakterlerinden biri haline gelmesinde ki en büyük etken tabii ki Brad Dourif'in Chucky'yi seslendirmesi...",,2024-01-16
2024-02-09,Chronicle,2012,https://boxd.it/5N3rA3,3.5,,"Bu filmden bu kadar keyif almayı beklemiyordum. Güzel bir yönetmenlik, senaryo, sinematografi ve kurgu. Oyunculuklar gerçekten beklettiğimden iyiydi  özellikle de Dane DeHaan'ın bu filmde çok beğendim. Daha çok yaş aralığına hitap etmek istemelerini anlıyorum ama biraz daha karanlık olmasını isterdim. Yine de, güzel bir film ve benden 70/100'u hak etti.

",,2024-02-08
2024-02-12,Elemental,2023,https://boxd.it/5OqLHt,3.5,,"Seninle tanıştığım an boğulacak gibi hissettim ama içindeki ışık beni hayatta tuttu.

",,2024-02-10
2024-03-02,Dune: Part Two,2024,https://boxd.it/5X6L6D,5,,"Tek şikayetim, keşke duygusal olay örgüsünü geliştirmek için daha fazla zaman harcasalardı. Neyse ki, performanslar diyaloğun yapamadığını yapıyor.(Zendaya hariç maalesef kötü bir oyuncu)",,2024-03-01
2024-03-04,Nimona,2023,https://boxd.it/5YdSVB,4,,"Retro bir ortaçağ... fütüristik... bir şey. her neyse. konsepti sevdim ama asıl sevdiğim şey inanılmaz çizimler, karakter gelişimi ve aksiyon dolu olmasıydı. bana uzaktan  Spider-Verse filmleri gibi geldi, o yüzden ayrı bir sevdim. Nimona's Theme müziğini açıp kendimi bu evrene ışınlıyorum ve Nimona ve Ballister ile kahkaha dolu bir sohbet ediyoruz...",,2024-03-03
2024-03-09,Past Lives,2023,https://boxd.it/60s3Dp,4.5,,"""Belki de bir sabah aynı dala konan iki kuştuk.""


Ya bu da geçmiş bir yaşantıysa...


...ve biz zaten sonraki yaşamımızda...


...birbirimiz için bir anlam
ifade ediyorsak?


Sence o zaman kimiz?
",,2024-03-09
2024-03-10,Anatomy of a Fall,2023,https://boxd.it/60Y7Ol,4.5,,Çok sarsıcı ve güçlü bir filmdi. Filmi tekrar izlemek istiyorum çünkü  mükemmel diyalogları tekrar tekrar izlerken okumak istiyorummm,,2024-03-09
2024-03-10,Killers of the Flower Moon,2023,https://boxd.it/60YgmZ,4.5,,"DiCaprio ve Robert De Niro ikisi de normal bir performans gösterirlerken Lily Gladstone ise döktürmüş bayıldımmm. Prodüksiyon ve müzikler görselliği ve hikayeyi güçlendiriyor. Ancak, filmin uzun süresi bazen sıkılmayı sağlayabiliyor, süresi azıcık daha kısa olsaydı kusursuz bir film olabilirdi böyle bile oscar için çok güçlü bir aday...",,2024-02-18
2024-03-11,Poor Things,2023,https://boxd.it/61APhL,5,,hiç beklemiyordum oscar adayımın bu filmim olacağını son gün izledim ve listemi alt üst etti ,,2024-03-10
2024-03-13,Countdown,2019,https://boxd.it/62maWz,1,,boring ,,2024-03-12
2024-03-15,Last Night in Soho,2021,https://boxd.it/638peX,3.5,,sonlara doğru bozmasaydı öve öve bitiremeyeceğim bir film olurdu ama bu hali ile bile izlemeye değer. Edgar Wright filmografisi içinde sıralama yapacak olursam en sona yazarım direkt... ,,2024-03-14
2024-03-20,"Good Bye, Lenin!",2003,https://boxd.it/65NBCR,4,,film biter bitmez müziklerini açıp filmi düşünmeye başladım çünkü filmi düşünmem lazımdı. ve filmi düşünürken hem hüzünleniyorken aynı zamanda içimde sıcacık bir gülümseme oluyor. böyle filmlere bayılıyorum lütfen bu filmi daha çooook kişi izlesinnn,,2024-03-20
2024-03-24,Stranger Than Fiction,2006,https://boxd.it/67cxin,4,,"senaryosuna bayıldımmmm gerçekten çok iyi yazılmıştı. Will Ferrell ve 
Maggie Gyllenhaal kimyasını çok sevdim keşke daha fazla sahneleri olsaydı... izlerken yine duygulanıp ve gaza gelip hayattım hakkında kararlar aldım ama filmin etkisi geçince yine hiçbir şey yapmam herhalde.",,2024-03-23
2024-03-26,Miracle Mile,1988,https://boxd.it/68pzhV,4,,filmin bu kadar geri planda kalmış olması beni çok şaşırtmıştı çünkü gerçekten 80lerde yapılmış ve bu zamanlarda hatırlanması gerekiyordu. ama filmi aslında büyük stüdyolar satın almış ama sonunu değiştirmek istemişler yönetmen ise buna karşı çıkmış ve filmi kendi istediği gibi çekmiş ve arkada dönen birkaç olay sonrası film unutulmuş gitmiş. ve  tabii ben tanıdığım herkese filmi izlettirmeyi kendime görev olarak veriyorummm. bunu okuyan biri olursa lütfen bu filmi izlesinnnn,,2024-03-25
2024-03-27,Billy Madison,1995,https://boxd.it/695MEd,3.5,,çok mantıksız olsa bile izlerken aşırı eğlendim bazı anlar gerçekten çok komik geldi. adam sandler keşke hep genç kalsaymış....,,2024-03-27
2024-03-28,Dune: Part Two,2024,https://boxd.it/69fgv9,5,Yes,Bir daha gitmek istiyorum,,2024-03-27
2024-03-31,The Wedding Singer,1998,https://boxd.it/6aB7wZ,4,,"David Bowie, The Cure, The Police, The Smiths ve Billy Idol bunların isimlerinin geçtiği bir filmin kötü olma ihtimali var mıdır ki... eğer bir gün tekrar aşık olursam galiba ilk izleyeceğim şey olacak...
",,2024-03-30
2024-04-26,Tremors,1990,https://boxd.it/6lvPXR,4,,Dune: Kum Solucanlarının Doğuşu,,2024-04-25
2024-08-10,At the Bar,2007,https://boxd.it/7486Wj,3,,"Bu olaylarda ki pis, iğrenç yaratıkların bazıları ""Rahşan Affı"" denen bu ülkenin yüz karası olan bir af ile aramızda yaşamaya devam etti....",,2024-08-09
2024-08-20,Jaws,1975,https://boxd.it/78MsRB,5,Yes,açık hava sinemasına izlediğim en iyi film ,,2024-08-19
2024-09-04,mid90s,2018,https://boxd.it/7fyVgf,4,,elbet bir gün 90larda çocuk olacağım ,,2024-09-03
2024-10-07,The Second Act,2024,https://boxd.it/7uf56f,3,,Le daim kadar sevmesem bile izlerken keyif aldım. Quentin Dupieux'in düşünce yapısını anlamaya çalışmak bence aşırı keyifli... ,,2024-10-06
2024-10-10,And Their Children After Them,2024,https://boxd.it/7w7nnl,3.5,,şarkıları yüzünden yarım puan fazla verdim ,,2024-10-09
2024-10-10,Hot Sweet Sour,2017,https://boxd.it/7w7y9T,1,,film çok kötü ama Özge ve Buğrayı çift olarak izlemek hep hoşuma gidecek keşke daha çok yapımda beraber rol alsalardı,,2024-10-10
2025-01-05,The Princess Bride,1987,https://boxd.it/8jPQd9,4.5,,yılın ilk yeni filmi oldu benim için ve hiç beklemediğim kadar keyif aldım izlerken. umarım 2025'de hiç beklemediğim şekilde keyifli geçer,,2025-01-04
2025-01-09,Labyrinth,1986,https://boxd.it/8nDBDD,3.5,,David Bowie'nin performansını izlemek müthiş bir şey ama genel olarak bazı yerlerde temposu çok düşüyordu. Devam filmi geleceğini öğrendim ve yönetmeni ise hiç beklemediği ve görünce çok şaşırdığım biri hatta son filmi ile herkesin konuştuğu biri tabii ki de Robert Eggers.... Şaşırtıcı bakalım nasıl bir devam filmi olacak... ,,2025-01-08
2025-02-03,A Son of the Sun,2008,https://boxd.it/8HROUP,3.5,,"""yapılan işin saçmalığı seyirci sayısı ile doğru orantılıdır...""",,2025-02-02
2025-02-07,Five Cities,2009,https://boxd.it/8KJ4sB,3.5,,Türkçe punk'tan ahmet kaya'ya vasat bir geçiş ,,2025-02-04
2025-02-10,The Extreme Tragic Story of Celal Tan and His Family,2011,https://boxd.it/8MvGrL,2.5,,güzel başladı ama devamı eh işte ,,2025-02-06
2025-02-19,Meet the Robinsons,2007,https://boxd.it/8SKCm7,3.5,,senaryosu çok basit ama gerçekten tatlı bir animasyon keşke devam filmi iptal olmasaydı :(,,2025-02-18
2025-05-12,Spider-Man,2002,https://boxd.it/9FVXXB,4.5,Yes,sinemada izledikten sonra daha çok aşık oldum… kendimi evimde gibi hissettiğim filmlere ayrıca bayılıyorum. ölene kadar her yıl en az üç kere izlemeye devam edeceğim,,2025-05-11
2025-05-23,Spider-Man 2,2004,https://boxd.it/9M4UTX,5,Yes,SİNEMADA İZLEDİĞİM EN İYİ FİLM......,,2025-05-22
2025-05-25,Spider-Man 2,2004,https://boxd.it/9N7kH7,5,Yes,kardeşim sinemada izleyemediği için evde beraber izledik,,2025-05-24
2025-05-30,Karate Kid: Legends,2025,https://boxd.it/9QmpdD,3,,"Filmin başında tüm olacak olanları tahmin edebiliyorsunuz ama yine de ilk  filme benzerliği ve akıcı olması sayesinde keyifli vakit geçirmeyi sağlıyor. 

Sinemada film izlemek beni evimde gibi hissettirmeye devam ediyor... ",,2025-05-27
2025-06-03,The Truman Show,1998,https://boxd.it/9T1lNR,5,Yes,her izlediğimde aynı duyguları yaşıyorum ve aynı düşünceler kafamın içinde dönüp duruyor.... yıllar geçse bile değerini hiçbir zaman kaybetmeyecek ,,2025-06-02
2025-06-07,The Karate Kid,1984,https://boxd.it/9VbMnz,4,,uzun zaman sonra ilk defa izledim ve çocukluğumda yaşadığım heyecanı yine yaşadım...,,2025-06-06
2025-06-16,Nick and Norah's Infinite Playlist,2008,https://boxd.it/a1lYGn,4,,böyle hikayelerin içinde olmak istiyorummmm bundan sonra devamlı izlemek isteyeceğim bir filmim daha var olley bayıldım filmee,,2025-06-14
2025-06-16,Twelve Monkeys,1995,https://boxd.it/a1m45x,5,Yes,ilk izlediğim zaman neden 4.5 yıldız verdim anlamadım... kusursuza yakın bir film... bilim kurgu kısmı ile heyecanımı yüksek tutarken sonlara doğru ise birazcık ağlamış olabilirim :),,2025-06-14
2025-06-17,Oregon,2023,https://boxd.it/a1Zy7V,1.5,,kerem ayan o kadar festival filmleri görmüş etmiş ve gitmiş bu filmi çekmiş. moralim bozuktu karşıma çıkan ilk filmi izledim kötü düşünceler kötü bir filmi çekiyormuş demek ,,2025-06-17
2025-06-26,Terminator 2: Judgment Day,1991,https://boxd.it/a7zOHn,5,Yes,This is the finest action movie of all time...,,2025-06-25
2025-06-30,F1,2025,https://boxd.it/aae0Zr,4,,"sadece F1 filmi olması bile sevmem için bir nedendi ama filmde Sonny Hayes karakterinde bazı konularda kendimi bulduğum için extra sevdim. sevmediğim birkaç nokta vardı ama filmin seyir zevkini asla etkilemediler, tabii sevmediğim noktalar daha iyi olsaydı RUSH kalitesinde bir yapım olabilirdi. veee bazı anlarda gaza gelirken aklımdan dart geçti... F1 ve dartı bir araya getirdiğim için kendimi de tebrik ediyorum... ",,2025-06-29
2025-07-07,28 Days Later,2002,https://boxd.it/aeYEBx,4.5,,küçükken izlediğimde çok beğenmiştim ve tekrardan izleyince düşüncem değişmedi... ve şarkılarına bayılıyorum... ,,2025-07-04
2025-07-17,Superman,2025,https://boxd.it/amqHaX,4,,"superman'i izlemeye bayılıyorum, yeri geldi güldüm yeri geldi gözlerim 
doldu ve sinemadan ayrılırken bu filmi bir daha izlemek istiyorum diye bağırdım içimden, teşekkürler james gunn...  ama şu gerçeği de unutmamak gerekiyor.

Man of Steel > Superman ",,2025-07-13
2025-07-22,Pulp Fiction,1994,https://boxd.it/aqraDZ,5,Yes,21 temmuz 2025 yılında açık havada izledim ve kendi içimde konuşarak filmi izledim... ilerde kararım elbet değişebilir ama filmin yarısında aklıma gelen ilk şey bu film dünyanın en iyi filmi....,,2025-07-21
2025-07-25,I Am Legend,2007,https://boxd.it/asJ5DT,4,Yes,ilk bir saat o kadar güzel ki keşke devamı da aynı şekilde devam etseydi. ,,2025-07-24
2025-07-29,National Theatre Live: Dr. Strangelove,2025,https://boxd.it/awDtlD,3.5,,başlarda oyuncular rollerine alışamamış gibiydi ya da ben filmdeki oyuncuları görmek istiyordum. yavaş yavaş temposu ve oyunculukları iyi olmaya başladı ondan sonra da bol bol gülerek izledim. filmden direkt olarak aldıkları repliklerde vardı ama belli yerleri tiyatronun getirmiş olduğu kısıtlamalar yüzünden değiştirilmiş. izlerken keyif alsam bile filmini izlemeyi tercih ederdim...,,2025-07-28
2025-07-31,Together,2025,https://boxd.it/axSi4Z,4,,güzel bir fikir(çalıntı olma durumu varmış) ile birlikte iyi başlangıç yapıyor. başlarda çok korkarım diye düşünüyordum gerçi bazı yerlerde korktum. sonuna kadar temposunu gerçekten iyi ve hiç sıkılmadım. sonunu  daha farklı yapsalardı belki de dedikleri gibi yılın en iyi korku filmi olabilirdi....,,2025-07-30
2025-08-05,Little Fish,2020,https://boxd.it/aBW4l7,4,,"""sana hayatımın aşkı olduğunu çünkü beni her gün güldürdüğünü ve hayatımı yaşamaya değer kıldığını, bana kendimi yalnız hissettirmediğini söylemek istedim."" ( bir gün birine bu repliği içtenlikle demek istiyorum.)


",,2025-08-04
2025-08-08,Cars,2006,https://boxd.it/aEoJhf,5,Yes,izlemekten asla ama asla sıkılmayacağımmmm ,,2025-08-08
2025-08-20,Back to the Future,1985,https://boxd.it/aNhaVV,5,Yes,hasta olduğum zamanlar izlerim ve ne sıklıkla hasta olduğumu da bilmiş oluyorum böylelikle ,,2025-08-19
2025-08-21,Dear Santa,2024,https://boxd.it/aOeOXb,1,,ben bir hata yapıp izledim...,,2025-08-21
2025-08-22,Inglourious Basterds,2009,https://boxd.it/aOTwtJ,5,Yes,"benim için çooook özel bir filmdi ve dün çooooooooooooo+∞k daha özel bir film oldu.... 

",,2025-08-21
2025-09-23,Hard Eight,1996,https://boxd.it/b9k4aj,4,,26 yaşında bu filmi çekmek... eğer bir gün kendi filmimi çekecek imkanı bulursam buradan çalacağım birkaç sahne var ,,2025-09-22
2025-09-29,Magnolia,1999,https://boxd.it/bcAvXr,5,,"nasıl hissedeceğimi şaşırmış bir haldeyim... 

çok çok uzun bir aradan sonra, bir film en iyi 10 film listemi değiştirdi...",,2025-09-28
2025-10-06,One Battle After Another,2025,https://boxd.it/bhinHJ,5,,"arada sırada, bir film çıkar ve birdenbire o yıl izlediğiniz diğer tüm filmler... daha önemsiz gelir. One Battle After Another da öyle bir film. PTA sürekli beni şaşırtacak yeni yollar buluyor. en kısa zamanda tekrar görüşmek üzere One Battle After Another...


---Viva la Revolución!---

Sensei Sergio St. Carlos: You know what freedom is?
Bob: What?
Sensei Sergio St. Carlos: No fear. Just like Tom fucking Cruise.",,2025-10-05
2025-10-27,Lucky Numbers,2000,https://boxd.it/bv4F31,1,,John Travolta ve Lisa Kudrow'u görünce keyif alacağım bir film olur diye düşünmüştüm... ,,2025-10-24
2026-07-03,Head-On,2004,https://boxd.it/f2NmEN,5,,"bu zamana kadar neden izlemedim diye düşüyordum filme girerken... film bittiğinde anladım ki her filmin bir zamanı varmış... bazen köşede beklerlermiş,  hayatımızda bir şey olduğunda bak ben buradayım seni daha çok üzeceğim diye ortaya çıkıyorlarmış...  

<blockquote>Sibel'le ilk karşılaştığımda ölüydüm ben. Onu tanımadan çok önce ölmüştüm. Sonra o geldi ve hayatıma girdi. Bana sevgi verdi. Ve bana güç verdi. Bunu anlıyor musun? </blockquote>buraya içimi dökmek istiyorum aslında ama burası doğru yer değil gibi... ama yinede umarım her birbirine aşık iki insan beraber çoooook mutlu yaşar...",,2026-07-02
2026-07-17,Flow,2024,https://boxd.it/fgAhhJ,5,,"Benim için kişisel bir film oldu... Şans eseri sinemada izlemeye gittim.. Eski sevgilim ""Flow'u izlediğim zaman sana aşık olduğumu fark ettim"" demişti.  Ve film başladığından bitene kadar bu cümle aklımdan çıkmadı. Hem ağlayarak hem gülerek izledim. Sanki onu son defa bilerek görüyormuş gibiydi.... Hayatım boyunca unutmayacağım duygular için teşekkür ederim.... 


if you're reading this i miss u",,2026-07-15
2026-07-25,The Odyssey,2026,https://boxd.it/fpxJil,5,,"sinemayı çoooook seviyorum... nolanı çoooook seviyorum.... 

hayatımdan bir parça bulduğum filmleri daha çooooook seviyorum....

I just want to come home",,2026-07-24
2026-07-28,Ice Age,2002,https://boxd.it/ftNCh9,3.5,Yes,"İngilizcemi geliştirmek için eskiden izlediğim animasyonları tekrar izlemeye başladım... nedense buz devriyi bir türlü çok sevemiyorum keyifli vakit geçiriyorum ama daha fazlası olmuyor. hep bir şeyler sanki eksik gibi.... 

",,2026-07-01
2026-07-28,Madagascar,2005,https://boxd.it/ftNRFZ,3.5,Yes,Buz devri gibi keyifli vakit geçiyor izlerken ama bir daha geri dönüp izleme isteği olmuyor... bence animasyon bile olsa bir film iyiyse devamlı izleme isteği oluşturması lazım ,,2026-07-03
2026-07-28,Toy Story,1995,https://boxd.it/ftOJn1,5,Yes,çok seviyorummm ,,2026-07-11
2026-07-28,Toy Story 2,1999,https://boxd.it/ftOMvH,5,Yes,çok seviyorummm ,,2026-07-12
2026-07-28,Toy Story 3,2010,https://boxd.it/ftONmB,5,Yes,çok seviyorummm ,,2026-07-13
2026-07-28,Toy Story 4,2019,https://boxd.it/ftOOfL,5,,çok seviyorummm ,,2026-07-14
2026-07-28,Toy Story 5,2026,https://boxd.it/ftOP6v,5,,çok seviyorummm ,,2026-07-15
2026-08-12,Mulholland Drive,2001,https://boxd.it/fMxykH,5,,"film hakkında düşüncelerim inanılmaz karışık.... uzun süre düşünmem gerekiyor.. 

ama onun en sevdiği filmdi... ve bu yüzden filmi izlerken biraz duygulanmış olabilirim... galiba filmleri ve şarkıları bu yüzden seviyorum... çünkü onları hep sevdiğimiz kişilerle özdeşleştiriyoruz...",,2026-08-11
