Date,Content
2019-11-07,https://boxd.it/49IVK
2020-04-22,https://boxd.it/1R3EO
2021-04-22,https://boxd.it/aS5MS
2021-04-22,https://boxd.it/5EJSy
2021-04-22,https://boxd.it/GRJ4
2021-04-22,https://boxd.it/4Z5K
2021-04-23,https://boxd.it/4Vvg6
2021-04-26,https://boxd.it/90LRy
2021-04-26,https://boxd.it/b0eDm
2021-05-04,https://boxd.it/1YPOw
2021-05-07,https://boxd.it/2Dzwo
2021-05-10,https://boxd.it/bZ7qM
2021-05-13,https://boxd.it/bkjwg
2022-02-20,https://boxd.it/czqo
2022-04-06,https://boxd.it/32yDe
2022-04-06,https://boxd.it/5qFie
2022-04-06,https://boxd.it/1csNY
2022-07-27,https://boxd.it/hrPmU
2023-08-28,https://boxd.it/32S1a
2024-03-15,https://boxd.it/aX6qe
2024-03-15,https://boxd.it/4NcVo
2024-10-21,https://boxd.it/ySu6S
2025-01-29,https://boxd.it/8LjNI
2025-01-30,https://boxd.it/d0T9U
2025-03-07,https://boxd.it/pSbjC
2025-07-01,https://boxd.it/y0o3q
2025-07-15,https://boxd.it/fLViQ
